TweetType,Tweet
replied_to,@anon i certainly hope not!
replied_to,@anon hazırım ama tr değil
replied_to,@anon hazırım ama tr değil
retweeted,rt @anon some evenings are so tough at the soup run that it’s hard to put it down in words. 340 meals today &amp; lots of other food items. we are in need of a bigger van as we have had to leave behind stuff that could have gone to those in need due to lack of space. please help if you can! https://t.co/tlhnxspu2p
retweeted,@anon hazırım ama tr değil
retweeted,@anon hazırım ama tr değil
retweeted,@anon hazırım ama tr değil
retweeted,@anon hazırım ama tr değil
retweeted,@anon hazırım ama tr değil
retweeted,@anon hazırım ama tr değil
retweeted,@anon hazırım ama tr değil
replied_to,güleriz. :)
replied_to,"i̇mza yolsuzluğu elbette yapılacaktı. hiç umrumda değil. beraber gittik, iki gün sonra. geçmişte bir ara kendine zarar vermeye yeltenmişti. neyse.yıllar sonra bir gün telefon geldi.i̇şe girmişti.kablolarla işi. ara sıra ararım, lan, derim kabloları kesiyon di mi, kendini değil? /5"
replied_to,… kızına ufak bir hediye ve ailesini görmek içi bilet alacaktı. derdi oydu. bende büyük yaşıyla gerginliği bana ‘imza yolsuzluğu’ yaptırmaya çalışmasından geliyordu. utanıyordu ve hayata isyanıydı bana bağırması. /4
replied_to,"küçük kızı ve karısı ülkede başka bir kamptaydı. sıkış tıkış, yer yok diye kimi aileler ayrılmıştı. öğrencim erkeklerle toplu kalıyordu. ailesi olduğunu biliyordum ama bunu bilmiyordum. derse gelmeyip geldi gibi görünerek  alacağı üç kuruş ile…/3"
replied_to,"kızdım ve yürüdüm. yine önümü kesti. çok gergindi. korktum bir halt yiyecek diye. bir anda hıçkırıklara boğuldu. i̇mzala, dedi, imzala ki yol paralarını alıp karımı, çocuğumu görmeye gideceğim. nolur utandırma beni daha fazla, kusura bakma dedi. /2"
replied_to,"kızdım ve yürüdüm. yine önümü kesti. çok gergindi. korktum bir halt yiyecek diye. bir anda hıçkırıklara boğuldu. i̇mzala, dedi, imzala ki yol paralarını alıp karımı, çocuğumu görmeye gideceğim. nolur utandırma beni daha fazla, kusura bakma dedi. /2"
replied_to,"mesele insanları yargılamak ve genellemeler yapmak değil, insanların &amp; toplulukların koşullarını yargılamak. bunu yapmak kendi koşullarını yargılamayı da getirir; ve bir bakmışsın, tüm boktanlığın, çilelerin, açlığın, tokluğun, umutlarınla, yok bir göçmenden o kadar da farkın."
replied_to,"7 yıl boyunca dünyanın dört bir yanından gelmiş, çoğu mülteci 500’den fazla öğrencim oldu. çok teoriye gerek yok. ‘iyi’, ‘kötü’ olmak, hırlı-hırsız olmak, yalancı-dürüst olmak, ne bir rengin, ne bir coğrafyanın, dinin ya da etnisitenin özelliği."
replied_to,"ve elbette türkiye’de de birbiriyle rekabet eden güçler ülkenin gidişine yön vermek için yarışacak. mesele nasıl bir mahallede yaşamak istediğimiz.korku, ötekileştirme nefretin mahallesi mi, ortaklaşıp,kaynaştığımız,beraber yaşadığımız bir mahalle mi? bence ikincisi hep kazanacak"
replied_to,"teorilerini hep avrupa’dan bire bir almaları hiç şaşırtıcı değil. bir yerden öğrenecekler elbette. türkiye ırkçısı, türkiyeli göçmenlere  karşı almanya ırkçısının kullandığı ırkçılığı alacak ve bunu türkiye’deki göçmenlere uygulayacak elbette. /8"
replied_to,"türkiye aşırı sağ &amp; ırkçılarının tüm propaganda argümanlarını, yalanlarını, medyada yayılan çığlıklarını, ‘ırkçı değilim ama’ diye başlayan laflarını, ‘biz kurbanız’ diye sahte ağlaşmalarını, bize yaşayacak ülke kalmadı diye 1970’derde avrupa’da üretilen ‘büyük yer değiştirme’ /7"
replied_to,"türkiye de aslında hem dışarıdan göç almayı, hem de yeni bir ırkçılık formu olarak göçmeme karşı yerli-milli ırkçılığı öğreniyor. elbette başka formları vardı ırkçılığın ama bugün olarak göçmen ırkçılığı nicelik ve daha önemlisi nitelik olarak evre atladı /6"
replied_to,"20’yy dan itibaren göçmenlere yöneldi. modern ve büyük sanayi ekonomiler artık göçmene ihtiyaç duyuyordu. artık düşman toprağını işgal ettiği haklar değil, ülkesine getirirdi göçmeler olacak tı. tamamıyla dünyanın değişken materyal koşulları ile değişen hedefler. /5"
replied_to,"koloni günlerinden bu güne, merkez ideolojisi değişmeyen ama şekli/ifadesi değişen bir ırkçılık var. irkçılığın tarihsel süreci materyal dünya koşullarıyla ilgili. i̇şgale gittiği yerlerde (koloni) emrine aldığı insanlara ırkçılık… /4"
replied_to,"uluslarası iki göç var: biri sermayenin elini kolunu dolaşarak yaptığı yatırım göçü. diğeri o sermayeye emek olan, kârını üreten insan göçü. azıcık kârı riske girsin sermaye durmaz gider. ama mesela, işsiz-fakir-savaş yorgunu insan göçemez. onun göçü ve o ‘sorun’ dur /3"
replied_to,"mahallemde 22 evlik sokakta 16 ülkeden göçmen var, her taratan. kutlamadığımız bayram, yemediğimiz yemek türü kalmadı :) böyle, kimseden kabul beklemiyoruz. yeni i̇rlanda bu. biz bu ülkeye kenardan yama değiliz. /2"
replied_to,"mahallemde 22 evlik sokakta 16 ülkeden göçmen var, her taratan. kutlamadığımız bayram, yemediğimiz yemek türü kalmadı :) böyle, kimseden kabul beklemiyoruz. yeni i̇rlanda bu. biz bu ülkeye kenardan yama değiliz. /2"
quoted,"‘afrika kökenliler’ gayet haklı. fransa’nın gollerini atarken iyi, ama öbür türlü afrikalıları/siyahları istemezük. fransa’nın karşısında duran tehlike günümüz beyaz-aşırı sağ-neonazi avrupa’sı. siyah göçmenler değil. daha yüz yıl olmadı o karanlık günlerden geçeli. https://t.co/uj3ejvup8n https://t.co/lmnllyedgg"
retweeted,rt @anon thanks so much to @anon for this really considered and beautifully written piece about our new single wasteland. ♥️ https://t.co/2snldanwzi
retweeted,"‘afrika kökenliler’ gayet haklı. fransa’nın gollerini atarken iyi, ama öbür türlü afrikalıları/siyahları istemezük. fransa’nın karşısında duran tehlike günümüz beyaz-aşırı sağ-neonazi avrupa’sı. siyah göçmenler değil. daha yüz yıl olmadı o karanlık günlerden geçeli. https://t.co/uj3ejvup8n https://t.co/lmnllyedgg"
retweeted,"‘afrika kökenliler’ gayet haklı. fransa’nın gollerini atarken iyi, ama öbür türlü afrikalıları/siyahları istemezük. fransa’nın karşısında duran tehlike günümüz beyaz-aşırı sağ-neonazi avrupa’sı. siyah göçmenler değil. daha yüz yıl olmadı o karanlık günlerden geçeli. https://t.co/uj3ejvup8n https://t.co/lmnllyedgg"
retweeted,"‘afrika kökenliler’ gayet haklı. fransa’nın gollerini atarken iyi, ama öbür türlü afrikalıları/siyahları istemezük. fransa’nın karşısında duran tehlike günümüz beyaz-aşırı sağ-neonazi avrupa’sı. siyah göçmenler değil. daha yüz yıl olmadı o karanlık günlerden geçeli. https://t.co/uj3ejvup8n https://t.co/lmnllyedgg"
retweeted,rt @anon ► video: protesters demand government action on the traveller community’s mental health crisis outside leinster house https://t.co/kdjbjxijmr
retweeted,"‘afrika kökenliler’ gayet haklı. fransa’nın gollerini atarken iyi, ama öbür türlü afrikalıları/siyahları istemezük. fransa’nın karşısında duran tehlike günümüz beyaz-aşırı sağ-neonazi avrupa’sı. siyah göçmenler değil. daha yüz yıl olmadı o karanlık günlerden geçeli. https://t.co/uj3ejvup8n https://t.co/lmnllyedgg"
retweeted,"‘afrika kökenliler’ gayet haklı. fransa’nın gollerini atarken iyi, ama öbür türlü afrikalıları/siyahları istemezük. fransa’nın karşısında duran tehlike günümüz beyaz-aşırı sağ-neonazi avrupa’sı. siyah göçmenler değil. daha yüz yıl olmadı o karanlık günlerden geçeli. https://t.co/uj3ejvup8n https://t.co/lmnllyedgg"
retweeted,"‘afrika kökenliler’ gayet haklı. fransa’nın gollerini atarken iyi, ama öbür türlü afrikalıları/siyahları istemezük. fransa’nın karşısında duran tehlike günümüz beyaz-aşırı sağ-neonazi avrupa’sı. siyah göçmenler değil. daha yüz yıl olmadı o karanlık günlerden geçeli. https://t.co/uj3ejvup8n https://t.co/lmnllyedgg"
replied_to,"konferanslar, akademik toplantılar, sosyalist partilerin uzunca mülteci politikaları anlatması, basın açıklamaları…tamam da, kiminin hatırı sayılır üyesi olan onlarca parti, dernek, örgüt, sendika var. irkçılığa karşı bir mitingdir gereken adım. örn: dünya mülteciler günü 20 haz"
replied_to,"konferanslar, akademik toplantılar, sosyalist partilerin uzunca mülteci politikaları anlatması, basın açıklamaları…tamam da, kiminin hatırı sayılır üyesi olan onlarca parti, dernek, örgüt, sendika var. irkçılığa karşı bir mitingdir gereken adım. örn: dünya mülteciler günü 20 haz"
quoted,"21.yy avrupa kapitalizmi bir yandan kolonyal reflekslerle, öte yandan ırkçılıkla işi götürmeye çalışıyor. buram buram, üstünlük, neoliberalizm ve thatcher kokan bir uygulama. https://t.co/wpvibk722g"
retweeted,"rt @anon if you are in dublin tomorrow, join the the protest! https://t.co/seiqb2gm4d"
retweeted,rt @anon scenes at the international protection office in dublin last week. minister @anon can you please sort out the backlog of pps numbers for a group of families from syria and palestine in direct provision months and no help? these admin barriers don't need a white paper! https://t.co/igm3gpdlbc
replied_to,"türkiye'de en yüksek gelire sahip yüzde 20'lik grubun toplam gelirden aldığı pay, yüzde 46,7

en düşük gelire sahip yüzde 20'lik grubun aldığı pay yüzde 6,1

yüzde 20’i yüzde 50’ye sahip. /2"
replied_to,"türkiye'de en yüksek gelire sahip yüzde 20'lik grubun toplam gelirden aldığı pay, yüzde 46,7

en düşük gelire sahip yüzde 20'lik grubun aldığı pay yüzde 6,1

yüzde 20’i yüzde 50’ye sahip. /2"
quoted,"kadına &amp; mülteciye şiddetin türkiye erkeğinde birleşmesi. mülteciye şiddet uygulayan türkiye erkeği ve erkek siyaseti kadına da uygular 

suriyelilere/mültecilere nefret/kin yayarak siyaset yapanlar.
bu siyaseti yapanları normalleştirenler.
mülteciler üzerinden pazarlık yapanlar. https://t.co/xaxmg7ngln"
quoted,"is she for real? people usually don’t chose airports but available flight departures. this is not about a competition between airports but giving people the service they deserve without creating irrelevant noise, as this https://t.co/howkclsxcu"
quoted,"is she for real? people usually don’t chose airports but available flight departures. this is not about a competition between airports but giving people the service they deserve without creating irrelevant noise, as this https://t.co/howkclsxcu"
quoted,"is she for real? people usually don’t chose airports but available flight departures. this is not about a competition between airports but giving people the service they deserve without creating irrelevant noise, as this https://t.co/howkclsxcu"
retweeted,"rt @anon suriyeli öğrenci heba refai, adıyaman üniversitesi eczacılık fakültesi'nde 3.61 ortalama yaparak birinci oldu. mezuniyet töreninde üniversite rektörü tarafından onurlandırıldı. https://t.co/sb3ecbtlca"
quoted,this is an insult not just to climate activists but also to victims of nazis. https://t.co/fosce1onnq
replied_to,"i̇şçilerin ücret taleplerini yükselttiği bir dönemde, enflasyonun ve ekonomik krizin geçici olduğu söylemi, dünya kapitalistlerinin kullandığı ortak ağız.kimi önlemler alıp sistemin ateşini düşürebilirler ama ‘acı reçete’ diye bildiğimiz adımlar işçi sınıfını değil kârlılığı korur"
replied_to,"i̇şçilerin ücret taleplerini yükselttiği bir dönemde, enflasyonun ve ekonomik krizin geçici olduğu söylemi, dünya kapitalistlerinin kullandığı ortak ağız.kimi önlemler alıp sistemin ateşini düşürebilirler ama ‘acı reçete’ diye bildiğimiz adımlar işçi sınıfını değil kârlılığı korur"
replied_to,"i̇şçilerin ücret taleplerini yükselttiği bir dönemde, enflasyonun ve ekonomik krizin geçici olduğu söylemi, dünya kapitalistlerinin kullandığı ortak ağız.kimi önlemler alıp sistemin ateşini düşürebilirler ama ‘acı reçete’ diye bildiğimiz adımlar işçi sınıfını değil kârlılığı korur"
replied_to,"i̇şçilerin ücret taleplerini yükselttiği bir dönemde, enflasyonun ve ekonomik krizin geçici olduğu söylemi, dünya kapitalistlerinin kullandığı ortak ağız.kimi önlemler alıp sistemin ateşini düşürebilirler ama ‘acı reçete’ diye bildiğimiz adımlar işçi sınıfını değil kârlılığı korur"
replied_to,"i̇şçilerin ücret taleplerini yükselttiği bir dönemde, enflasyonun ve ekonomik krizin geçici olduğu söylemi, dünya kapitalistlerinin kullandığı ortak ağız.kimi önlemler alıp sistemin ateşini düşürebilirler ama ‘acı reçete’ diye bildiğimiz adımlar işçi sınıfını değil kârlılığı korur"
replied_to,"i̇şçilerin ücret taleplerini yükselttiği bir dönemde, enflasyonun ve ekonomik krizin geçici olduğu söylemi, dünya kapitalistlerinin kullandığı ortak ağız.kimi önlemler alıp sistemin ateşini düşürebilirler ama ‘acı reçete’ diye bildiğimiz adımlar işçi sınıfını değil kârlılığı korur"
quoted,"are you playing god? choosing who to welcome...?therefore deciding who to suffer or die; which children deserve grow up in safety, which don't. this is racist supremacism worse as it gets. https://t.co/s4b6ugeki0"
quoted,"oryantalist oryantal böyle bir şey.
eksik olun https://t.co/whrpijebpj"
quoted,"bu gözlem ne kadar gerçeği yansıtıyor bilmem de, ücretsiz, yaygın ve kamusal toplu taşım, mesele sadece ekonomi değil, iklim değişikliği de. https://t.co/uh2sqxorlh"
quoted,"bu gözlem ne kadar gerçeği yansıtıyor bilmem de, ücretsiz, yaygın ve kamusal toplu taşım, mesele sadece ekonomi değil, iklim değişikliği de. https://t.co/uh2sqxorlh"
replied_to,"kraliyet kurumu sembolik değil, aslında britanya emperyalizminin omurgasıdır. kraliyet sembolizminin britanya kapitalizmine verdiği yaldızlı, pırıltılı bir kılıftır. özünde ırkçı, tarihin köle tacirlerinin hamisi ve britanya işçi sınıfının karşısında duran bir sınıf düşmanıdır."
replied_to,"kraliyet kurumu sembolik değil, aslında britanya emperyalizminin omurgasıdır. kraliyet sembolizminin britanya kapitalizmine verdiği yaldızlı, pırıltılı bir kılıftır. özünde ırkçı, tarihin köle tacirlerinin hamisi ve britanya işçi sınıfının karşısında duran bir sınıf düşmanıdır."
quoted,"ya hakkaten, insan biyolojiden sosyal çözüm bekler hale geliyor. bunların türü/jenerasyonu bi yok olsa ya https://t.co/goilad6daz"
replied_to,@anon 🙏
replied_to,"bunlar seçim sürecini bir platform olarak kullanacaklar, belli ki. o zaman bu süreçte keskinleşen politik ortamda ırkçılığa karşı ortak ve birleşik hareket etmek gibi bir tarihsel ve politik görev var. kanıtı ortada, tek tek ses vermekle ırkçılık geri itilmedi. /5"
replied_to,"bugün artık kaba sokak ırkçılığını aşmış, belli ki yüzünü geniş kitlelere döndürmek isteyen, stratejik ve planlı bir yöntemle, kendine destek toplamaya çalışan ve halkçı dil kullanarak türkiye insanlarını ırkçılığa yönlendirmeye çalışanlar var./4"
replied_to,"sadece sosyalist solun değil, sosyalist olmayan ama ırkçılıkla sorunu olanların, insan hakları savunucularının, stk ve sendikaların da bir araya geleceği birleştirici bir çağrı. sosyalist solun içinde olduğu ama en başından birbiri ile hegemonya kurmak yarışında olmadığı cephe /3"
replied_to,"bir sürü konuda anlaşmaya, ortaklık yapmaya gerek yok bu ırkçılık karşıtı birleşik cephe girişimi için. diğer anlaşmazlıklar baki, ırkçılığa ve nefret diline karşı basit, yalın, üzerinde anlaşılabilecek, birleştirici bir çağrı. yüze dışa dönük bir çağrı. /2"
quoted,"ercüment bey çok haklı ve bu konulara sık sık değiniyor.
ama şu anda herkes kendi köşesinden konuşuyor.herkes tek başına laf söylüyor. irkçılığa ve mültecilere yönelik geliştirilen bu nefret ortamına karşı sol ve sosyalistler geniş yelpazeli bir birleşik cephe çağrısı yapmalı. /1 https://t.co/mkhvlmvrcq"
quoted,"ercüment bey çok haklı ve bu konulara sık sık değiniyor.
ama şu anda herkes kendi köşesinden konuşuyor.herkes tek başına laf söylüyor. irkçılığa ve mültecilere yönelik geliştirilen bu nefret ortamına karşı sol ve sosyalistler geniş yelpazeli bir birleşik cephe çağrısı yapmalı. /1 https://t.co/mkhvlmvrcq"
replied_to,@anon denemeli şu meltemi’yi
replied_to,@anon denemeli şu meltemi’yi
replied_to,@anon denemeli şu meltemi’yi
replied_to,@anon denemeli şu meltemi’yi
replied_to,@anon denemeli şu meltemi’yi
retweeted,rt @anon more brilliant work from emer higgins. #emer #passportexpress #finegael #emerhiggins https://t.co/f0etkfdc8e
replied_to,* son
replied_to,* son
replied_to,* son
quoted,"hayrını görün.
herif ulu orta, topluluk içinde bağıra bağıra küfür ediyor, müdahale edeler de ‘haklısınız’ falan diyor. 
o çocuğun doya doya, gülücüklerle büyümesi olsun buna yanıt. https://t.co/4rbfyr7hyr"
quoted,"olabildiğince beyaz, imtiyazlı ve elit zümre bir türk, ezilen, mazlum ayağına yatıyor. aman herkesin de bir anısı varmış meğersem.

22 yıldır tepelerine bomba yağan, savaş lordları ve dünyanın en büyük ordusunun arasında kalan bir halka en ufak vicdan belirtisi olmadan saldırmak. https://t.co/sehjhqaoa5"
quoted,"olabildiğince beyaz, imtiyazlı ve elit zümre bir türk, ezilen, mazlum ayağına yatıyor. aman herkesin de bir anısı varmış meğersem.

22 yıldır tepelerine bomba yağan, savaş lordları ve dünyanın en büyük ordusunun arasında kalan bir halka en ufak vicdan belirtisi olmadan saldırmak. https://t.co/sehjhqaoa5"
quoted,"olabildiğince beyaz, imtiyazlı ve elit zümre bir türk, ezilen, mazlum ayağına yatıyor. aman herkesin de bir anısı varmış meğersem.

22 yıldır tepelerine bomba yağan, savaş lordları ve dünyanın en büyük ordusunun arasında kalan bir halka en ufak vicdan belirtisi olmadan saldırmak. https://t.co/sehjhqaoa5"
quoted,"olabildiğince beyaz, imtiyazlı ve elit zümre bir türk, ezilen, mazlum ayağına yatıyor. aman herkesin de bir anısı varmış meğersem.

22 yıldır tepelerine bomba yağan, savaş lordları ve dünyanın en büyük ordusunun arasında kalan bir halka en ufak vicdan belirtisi olmadan saldırmak. https://t.co/sehjhqaoa5"
quoted,and they call it a health service. https://t.co/nl71vmxvuu
quoted,and they call it a health service. https://t.co/nl71vmxvuu
replied_to,@anon ne yazık ki
replied_to,@anon bunu görmeseydim iyiydi. hem canım kokoreç istiyor hem de videoyu hayal ediyorum. kötü durumdayım.
quoted,"the eu commission vice president  is openly, blatantly and shamelessly lying. insulting our intelligence! https://t.co/x5i4wzkn9m"
quoted,#enddirectprovision https://t.co/qxrnaltmuo
replied_to,@anon dur gözünü seveyim olay çıkarma :)
replied_to,@anon dur gözünü seveyim olay çıkarma :)
replied_to,@anon @anon öyleyse yelpaze iyice genişledi demek ki. türkeş anmalarından enternasyonale.
replied_to,@anon @anon öyleyse yelpaze iyice genişledi demek ki. türkeş anmalarından enternasyonale.
retweeted,rt @anon there are over 700 rooms at city west hotel direct provision centre. why do we have to see black/brown refugees (kids) sleeping on the floor and an apartheid wall dividing a ukraine hub? this is a sad situation with the international protection system in ireland. not in our name!
retweeted,@anon @anon öyleyse yelpaze iyice genişledi demek ki. türkeş anmalarından enternasyonale.
quoted,can you imagine a world where all that money spend by states on weapons and military was put together and a fully funded international network of cancer research was founded. https://t.co/pp9xt17o83
quoted,"this group has consistently reported from the city west hotel. i like to add my voice to their calls.

is the government ending the #directprovision system or what was called a ‘setback’, is in fact a step backwards?

@anon @anon @anon @anon https://t.co/s4vlhfnswy"
quoted,bu abiler avrupalı aşırı-sağ / faşistlerden öğrendiklerini aynen uyguluyor. https://t.co/c5xo8ymmc2
quoted,saving 14000 lives is not a criminal act. #eu #italy #refugeeswelcome https://t.co/mqvrakmkqo
quoted,saving 14000 lives is not a criminal act. #eu #italy #refugeeswelcome https://t.co/mqvrakmkqo
quoted,"example of extraordinary shamelessness and dictatorial arrogance.

sisi suggests egyptians eat tree leaves as prices soar https://t.co/tzveoudtre via @anon"
quoted,this is not acceptable. not at all! shame on those in government allowing this to happen to human beings #enddirectprovision https://t.co/hy1t6umypl
quoted,this is not acceptable. not at all! shame on those in government allowing this to happen to human beings #enddirectprovision https://t.co/hy1t6umypl
retweeted,rt @anon minister @anon is this really happening? how can this be happening? https://t.co/0sksozg3xm
retweeted,this is not acceptable. not at all! shame on those in government allowing this to happen to human beings #enddirectprovision https://t.co/hy1t6umypl
retweeted,this is not acceptable. not at all! shame on those in government allowing this to happen to human beings #enddirectprovision https://t.co/hy1t6umypl
retweeted,this is not acceptable. not at all! shame on those in government allowing this to happen to human beings #enddirectprovision https://t.co/hy1t6umypl
quoted,"ne yazık ki hem avrupa’da hem de türkiye’de kaba ekonomik solculuk ile nefret ve ırkçılığı birleştirenler oldu. var. aynen solculukla milliyetçiliği, solculukla homofobiyi,  islamofobiyi, militarizmi vs birleştirenler olduğu gibi. ‘sol’ tek başına çok tanımlayıcı bir kelime değil https://t.co/bvekq4skmm"
replied_to,"20 - tek çare birleşik cepheler kurmak. her kesinden, nefretin, ayrımcılığın, çifte standardın ırkçılığın, kötülüğün karşısında olanların bir araya gelmesi. olsa da kardeşçe farklılığımız başka şeylerde."
replied_to,"19 - tarzları, sosyal medya faaliyetleri, propaganda şekilleri, sloganları, argümanları, lügatları, tüm kampanyaları avrupa aşırı sağ / faşist hareketleriden öğrenilmiş. onlardan uyarlanmış. irkçı i̇slamofobik, özünde homofobik ve feminizm düşmanı  avrupa aşırı sağı."
replied_to,"18 - her kesimden, “derdi olanın dermanıyız” ayağına yatıyorlar. halkçı-feminist-solcu-sağcı-dindar her ağzı kullanabilir bunlar. “aşırı sağ/faşistim” diyecek halleri yok ya. ama stratejileri belli. amaçları da."
replied_to,"17 - bugün türkiye’de örgütlü, büyümeye çalışan, politik ve organize hareketler sokakta ‘rastgele’ mülteci nefretinin nitelik olarak çok ötesinde, stratejik ve planlı bir kampanya yürütüyorlar. rastgele değiller. müttefik toplama derdindeler"
replied_to,"16 - aşırı sağ ve ırkçılığın temel metodu bölmek, nefret, kin ve şüphe yaratmaktır. her fırsatı değerlendirir. düşmanıyla dost, dostuyla düşman olabilir bu süreçte. buna karşı örgütlü-politik-birleşik cepheler kurarak verilen mücadeleler avrupa’da bunların oyununu defalarca bozdu"
replied_to,"15 - avrupa’nın lgbt, feminist, sosyalist, demokrat, liberal, anti-faşist, ırkçılık karşıtı güçleri bu gelişmelere sessiz kalmadı.i̇rili ufaklı bir sürü birleşik cephe kuruldu.örgütlenildi.kadın hakları üzerinden kadın düşmanlarının mülteci ırkçılığını yayması tehlikeli bir adımdı"
replied_to,"14 - aynı avrupa’da kadınların kürtaj hakkı yasaklı/yasaklanıyor,sözde kadın dostu aşırı sağ,ırkçı, mülteci düşmanı hareketler bir taraftan lgbt’i yasaklamaya uğraşıyordu.sahte ve tehlikeli bir oyun oynuyordu avrupa aşırı sağı ve faşist hareketleri.homofobileri sınır tanımıyordu."
replied_to,13 - o dönemde 28 ab ülkesi 42 bin kadınla yapılan tarihin en büyük kadınlara şiddet araştırması korkunç sonuçlar gösteriyordu. 15 yaş sonrası her üç kadından biri en an bir kere fiziksel-cinsel-psikolojik şiddet görmüştü. çoğu aile ve yakın/tanıdık çevresinden. rapor hasıraltı
replied_to,"12 - ab’nin liberal sağ, merkez sol hükümetleri aşırı sağı ve faşistleri eleştirse de mülteciler konusunda ırkçı, ayrımcı, ölüme mahkum edici politikaları ve sınır uygulamalarını hayata geçirdiler. bugün ab’nin mülteci siyasetini belirliyen kimi adımlar o zamanlarda atıldı."
replied_to,"11 - avrupa artık sadece mülteci istilası değil, tecavüzcü mülteci/arap/afrikalı istilasındaydı.bir dönem çok ses getirdi bu aşırı sağ / faşistlerin başını çektiği propaganda.ab &amp; hükümetlere aşırı sağdan baskı unsuru olarak ab mülteci politikalarının belirlenmesinde etkili oldu."
replied_to,10 - temelinde çok cinsiyetçi ve maçoydu bu sözde ‘kadınlarımızı koruyoruz’ ayağına yatan aşırı sağ ve faşist hareketler. laf arasında ‘korudukları kadınlara’ nasıl yaşamaları gerektiğini de telkin ediyorlardı. siyah erkekle beraber olan beyaz kadını şeytan ilan ediyorlardı
replied_to,"9 - ana akım / merkez sağ ve merkez sol partiler, ırkçı sağ partiler bu propaganda ile mülteci karşıtlığına iyice selam çakar oldular. kimi kadın örgütleri de bunlara prim verdi. avrupa kültürüne ve kadın özgürlüğüne uyumsuz ‘tehlikeli mülteci’ kavramı yayılmaya çalışıyordu."
replied_to,"8 - le pen, afd, jobbik gibi bir sürü aşırı sağ/faşist isim-örgüt kadın hakları savunuculuğu yarışına girmişti. oysa feminist hareketten nefret eden bu cinsiyetçi teşkilatların geçmişi kadın nefreti ile doluydu. umutları avrupa kadın ve feminist hareketlerin desteğini almaktı."
replied_to,7- örgütlü ırkçı eylemlerinde kendilerini tehlikeli mültecilere karşı “avrupa kadınının koruyucusu” ilan eden naziler türemişti.
replied_to,"6 - bu yıllarda, bilinen, örgütlü, örgütsüz, geçmişinde lgbt ve kadın hareketlerine saldırmış, kendi içinde kadınlara şiddet uygulamış aşırı sağ ve faşist hareketler kadın hakkı savunucusu, lgbt dostu oluvermişti bir anda."
replied_to,"5 - ama fatura topyekün mültecilere, siyah erkeklere kesilmişti. “avrupa mülteciler için bir tecavüz cenneti oldu” diyordu bir aşırı sağ teşkilat. biyolojik ırkçılık almış başını gidiyordum"
replied_to,"4 - 2015/16 yılbaşı gecesi almanya’nın köln şehrinde sokak kutlamalarında kadınlara cinsel fiziksel saldırılar olmuştu. hani yıllardır, ta 90’lardan beri taksim’de türk erkekleri yapardı ya. onun gibi, daha da kötüsü. yapanlar avrupalı, amerikalı, odoğulu,afrikalı,yerli &amp; mülteci"
replied_to,"3 - avrupa’ya gelen mülteci, arap, müslüman, afrikalı erkeklerinin avrupa kadınınları için bir tehlike olduğu propogandası hızla yayılıyordu. i̇ş, hıristiyan mültecilerin daha uygar olduğu noktasına kadar gitti kimi zaman. bu tartışmalar büyük gündem oldu"
replied_to,"2 - siyasi dinamikler, güçler ve objektif koşullar gereği, sanki türkiye’de mülteci/göçmen siyaseti, tartışmalar ve olaylar avrupa’yı bir kaç yıl arkadan takip ediyor. normaldir, avrupa’da özellikle örgütlü aşırı sağ ve faşist hareketler gündemi daha hızlı ateşledi."
replied_to,"1- avrupa’da bundan 4-5 yıl öncesinde #mülteci gündeminin en sıcak ve politize olduğu günlerde “kadınların güvenliği” üzerinden yeni bir gündem oluşmuştu. 

bu, kadın hakları &amp; yoldaşlığı değil, kadınların haklı davalarını, ırkçı nefrete araç yapmaya çalışan bir gündemdi"
replied_to,"1- avrupa’da bundan 4-5 yıl öncesinde #mülteci gündeminin en sıcak ve politize olduğu günlerde “kadınların güvenliği” üzerinden yeni bir gündem oluşmuştu. 

bu, kadın hakları &amp; yoldaşlığı değil, kadınların haklı davalarını, ırkçı nefrete araç yapmaya çalışan bir gündemdi"
retweeted,rt @anon kadın dayanışması sınır tanımaz! https://t.co/kn8mhcihye
retweeted,"rt @anon “kadınların güvenliği” söylemi kullanılarak yaygınlaştırılmaya çalışılan ırkçılığa karşı 700'ün üzerinde kadın ve onlarca kadın örgütünün imzasıyla “irkçılığın, ayrımcılığın, göçmen düşmanlığının ve körüklenen nefretin değil, göçmenlerin yanındayız” açıklaması yayınlandı. ⤵️ https://t.co/k4wsjbvhtc"
replied_to,"@anon it seems to be the same in international media as well. 
as if they all agreed"
replied_to,"@anon it seems to be the same in international media as well. 
as if they all agreed"
retweeted,rt @anon after 23 years and over 2 billion euros paid to private contractors this is direct provision. women and children sleeping on the floor and the contractor still gets 100 euros a person each night. 💔💔💔💔 https://t.co/wempnw7uhu
retweeted,"@anon it seems to be the same in international media as well. 
as if they all agreed"
retweeted,"@anon it seems to be the same in international media as well. 
as if they all agreed"
quoted,we can all expect that they will make a u-turn on this plan. they are already making excuses for delays. shame on them. https://t.co/eeomuvbbad
quoted,we can all expect that they will make a u-turn on this plan. they are already making excuses for delays. shame on them. https://t.co/eeomuvbbad
quoted,we can all expect that they will make a u-turn on this plan. they are already making excuses for delays. shame on them. https://t.co/eeomuvbbad
quoted,"solidarity from ireland to people of bangladesh and india, and to all climate activists. #stopclimatechange https://t.co/83xvndxdre"
quoted,"solidarity from ireland to people of bangladesh and india, and to all climate activists. #stopclimatechange https://t.co/83xvndxdre"
quoted,"solidarity from ireland to people of bangladesh and india, and to all climate activists. #stopclimatechange https://t.co/83xvndxdre"
quoted,"solidarity from ireland to people of bangladesh and india, and to all climate activists. #stopclimatechange https://t.co/83xvndxdre"
quoted,"solidarity from ireland to people of bangladesh and india, and to all climate activists. #stopclimatechange https://t.co/83xvndxdre"
quoted,"solidarity from ireland to people of bangladesh and india, and to all climate activists. #stopclimatechange https://t.co/83xvndxdre"
quoted,"in other news, #frontex illegally forcing migrants and refugees back from europe’s borders. #pushback https://t.co/kmrcsea4xa"
quoted,"in other news, #frontex illegally forcing migrants and refugees back from europe’s borders. #pushback https://t.co/kmrcsea4xa"
replied_to,i̇ngiltere’nin durham kentinde hayata gözlerini açan rapçı bunu oralardan falan bilmesi lazım aslında
quoted,"zaten göçler tarihi hep böyle olmuştur. zaten abimiz rap’ı biraz araştırsa afrika’dan new york’a uzanan göç tarihini öğrenecektir. neyse, biz harbi rapçılarla yola devam https://t.co/ld2bs1hogx"
quoted,"zaten göçler tarihi hep böyle olmuştur. zaten abimiz rap’ı biraz araştırsa afrika’dan new york’a uzanan göç tarihini öğrenecektir. neyse, biz harbi rapçılarla yola devam https://t.co/ld2bs1hogx"
quoted,"yes, a marginal party; 0.3% in the opinion polls. but, far-right &amp; racism attracts social media attention. he also has the likes of you to thank for helping to promote  his name. https://t.co/19ajg6h9og"
quoted,"yes, a marginal party; 0.3% in the opinion polls. but, far-right &amp; racism attracts social media attention. he also has the likes of you to thank for helping to promote  his name. https://t.co/19ajg6h9og"
quoted,"yes, a marginal party; 0.3% in the opinion polls. but, far-right &amp; racism attracts social media attention. he also has the likes of you to thank for helping to promote  his name. https://t.co/19ajg6h9og"
quoted,"what should be celebrated is on trial. 
what should be on trial are the barbaric eu border policies https://t.co/onozap9b9k"
retweeted,"rt @anon ⚫️naufragio al largo della tunisia!
barca partita da #sfax si è rovesciata. secondo le autorità tunisine, trovati 3 corpi, 10 persone disperse. nostre condoglianze a amici e famiglia, soffriranno il resto della loro vita a causa dei confini mortali dell'ue
https://t.co/7bvvxexrl8"
retweeted,"rt @anon ⚫ shipwreck off tunisia

a boat that left from #sfax capsized. according to tunisian authorities, 3 bodies were found &amp; 10 people are missing. our condolences to friends &amp; family who will suffer for the rest of their lives due to eu's deadly borders. 

https://t.co/7bvvxexrl8"
quoted,"bir spor karşılaşmasında niye bu çok övünülecek bir şey oluyor. ei̇ buna niye seviniyor. spor… kardeşlik… barış… falan, mangalda kül bırakmıyonuz ama. https://t.co/82vs6yt4qw"
quoted,"bir spor karşılaşmasında niye bu çok övünülecek bir şey oluyor. ei̇ buna niye seviniyor. spor… kardeşlik… barış… falan, mangalda kül bırakmıyonuz ama. https://t.co/82vs6yt4qw"
quoted,"bir spor karşılaşmasında niye bu çok övünülecek bir şey oluyor. ei̇ buna niye seviniyor. spor… kardeşlik… barış… falan, mangalda kül bırakmıyonuz ama. https://t.co/82vs6yt4qw"
replied_to,@anon i think so. i have a blend of them. they grow really big
replied_to,@anon i think so. i have a blend of them. they grow really big
replied_to,@anon i think so. i have a blend of them. they grow really big
quoted,"bu fotodaki işçi adama daha iyi maaş ve yaşam koşulları vermeyenler, aynı adama “mülteciler senin hakkını çalıyor” diyor. 
o yüzden değiştirmek lazımdı bu panoyu. https://t.co/cs5unzdwyf"
retweeted,rt @anon abd'de taksi şoförlüğü yapan bir adam ırkçılık yapan yolcuları araca almadı 👏 https://t.co/xx8a4cugkz
quoted,"more cases of criminalising human rights activists and rescue crews.
shameful #italy #eu https://t.co/r39ozswyow"
replied_to,#tanjuözcan a söylemeyin. yenisini koymuşlar
replied_to,#tanjuözcan a söylemeyin. yenisini koymuşlar
quoted,"given the seriousness of the issue and the the job the government done, principled td’s should go a step further and leave the greens. sadly, for such td’s, going back to ‘normal’ after suffering a period of sanctions will mean nothing has changed. https://t.co/yqyefgurzf"
quoted,"given the seriousness of the issue and the the job the government done, principled td’s should go a step further and leave the greens. sadly, for such td’s, going back to ‘normal’ after suffering a period of sanctions will mean nothing has changed. https://t.co/yqyefgurzf"
quoted,"given the seriousness of the issue and the the job the government done, principled td’s should go a step further and leave the greens. sadly, for such td’s, going back to ‘normal’ after suffering a period of sanctions will mean nothing has changed. https://t.co/yqyefgurzf"
replied_to,"so
- at what stage is the process of #enddirectprovision ? 
- how much is done before the setback occurred?
- what are the actions to bring it on track?
- define setback: when, how, how much, why?"
replied_to,what a cheap excuse: staff in charge of the strategy have been redeployed to deal with ukrainian refugees.
replied_to,what a cheap excuse: staff in charge of the strategy have been redeployed to deal with ukrainian refugees.
replied_to,what a cheap excuse: staff in charge of the strategy have been redeployed to deal with ukrainian refugees.
retweeted,"rt @anon if you're a td in govt, a twitter thread saying you're against something just isn't worth a shit. as long as you stay in govt you're facilitating ff-fg policy - on nmh, housing, everything.
""heartfelt concern"", on a €96k salary. either leave govt or stop pretending you care."
retweeted,what a cheap excuse: staff in charge of the strategy have been redeployed to deal with ukrainian refugees.
replied_to,let’s give them till end 2024
replied_to,let’s give them till end 2024
replied_to,let’s give them till end 2024
retweeted,"rt @anon last week we rescued 470 people from 7 boats in distress in the sar zones of libya and malta, over the course of 3 intense days. five days later, the italian authorities (@viminale) haven’t yet assigned a safe place to disembark, despite our 7 requests. 

https://t.co/ai13m0yivg"
replied_to,@anon @anon @anon @anon @anon yes. good things should not be left just in words. politicians are to be judged by their actions not words.
replied_to,@anon @anon @anon @anon @anon yes. good things should not be left just in words. politicians are to be judged by their actions not words.
replied_to,@anon @anon @anon @anon @anon yes. good things should not be left just in words. politicians are to be judged by their actions not words.
quoted,and this is happening at the eu borders https://t.co/wqpojqhrow
quoted,and this is happening at the eu borders https://t.co/wqpojqhrow
quoted,and this is happening at the eu borders https://t.co/wqpojqhrow
quoted,and this is happening at the eu borders https://t.co/wqpojqhrow
quoted,and this is happening at the eu borders https://t.co/wqpojqhrow
retweeted,"rt @anon the trial of hasan and n., the #samos2, will take place this wednesday on samos. 
the two men from afghanistan attempted the journey from turkey to greece with a rubber boat in november 2020, but shortly before arriving the coast of samos the boat capsized 1/5"
quoted,"örn: i̇zmir depreminden sonra aç gözlüklükle artan kiralar (ev sahibi türk, kiracı türk). kapitalizmde konutun kâr amaçlı bir spekülasyon olduğu küresel gerçeği, türkiye’nin genel konut/ekonomi gerçeği vs değil mesele, 1 iraklı ev sahibi öyle mi? sistemin tüm işleyişini çözmüş. https://t.co/dcfyx72ltp"
replied_to,@anon i think there is also a historic context. the colonial and imperialist nature of britain vs the broadly anti or non-imperialist nature of ireland makes a huge difference. union jack is much more than a symbol. oh the great empire. no such criteria for irish citizenship
replied_to,@anon i think there is also a historic context. the colonial and imperialist nature of britain vs the broadly anti or non-imperialist nature of ireland makes a huge difference. union jack is much more than a symbol. oh the great empire. no such criteria for irish citizenship
replied_to,@anon i think there is also a historic context. the colonial and imperialist nature of britain vs the broadly anti or non-imperialist nature of ireland makes a huge difference. union jack is much more than a symbol. oh the great empire. no such criteria for irish citizenship
replied_to,@anon i think there is also a historic context. the colonial and imperialist nature of britain vs the broadly anti or non-imperialist nature of ireland makes a huge difference. union jack is much more than a symbol. oh the great empire. no such criteria for irish citizenship
replied_to,"aşırı sağın / faşist söylemlerin normalleştirilmesi bunu yapanlara fayda getirmez. ama bu politik ahmaklıkla oyları çaldırmayacağını sananlar, hep aldanır. irkçı olmadığını, aşırı sağ ve faşizme karşı olduğunu söyleyenler bunları baştan reddetmeden bu bataktan kurtulamaz /4"
replied_to,sonra işi kurtarmak adına (oyları çaldırmamak adına) aşırı sağın gündemine aşırı sağa daha da argüman verecek şekilde dahil olurlar (örn:mülteciler). çekimine girerler. aşırı sağ memnundur. cesareti artar. seçim kazanamaz ama ırkçı-nefret aşırı sağ söylem normalleşmeye başlar /3
replied_to,"sonra bir bakmışsın sanırsın memleketin tek haykıranları bunlar. başka hiç bir tartışma yok. sonra bu medya popülizmi ile yayılan bir gündem oluşur. elbette insanlar konuşur. sonra merkez, merkez sağ-sol, hatta hükümet, bir endişeye kapılır.aşırı sağa giden destekten korkarlar /2"
replied_to,"sonra bir bakmışsın sanırsın memleketin tek haykıranları bunlar. başka hiç bir tartışma yok. sonra bu medya popülizmi ile yayılan bir gündem oluşur. elbette insanlar konuşur. sonra merkez, merkez sağ-sol, hatta hükümet, bir endişeye kapılır.aşırı sağa giden destekten korkarlar /2"
replied_to,"sonra bir bakmışsın sanırsın memleketin tek haykıranları bunlar. başka hiç bir tartışma yok. sonra bu medya popülizmi ile yayılan bir gündem oluşur. elbette insanlar konuşur. sonra merkez, merkez sağ-sol, hatta hükümet, bir endişeye kapılır.aşırı sağa giden destekten korkarlar /2"
replied_to,"sonra bir bakmışsın sanırsın memleketin tek haykıranları bunlar. başka hiç bir tartışma yok. sonra bu medya popülizmi ile yayılan bir gündem oluşur. elbette insanlar konuşur. sonra merkez, merkez sağ-sol, hatta hükümet, bir endişeye kapılır.aşırı sağa giden destekten korkarlar /2"
retweeted,"rt @anon gerard cullen said: “the family was abandoned, without any humanitarian assistance, to apparently coerce them into changing their minds and complying with the council’s decision not to transfer them.”

https://t.co/wi0mhidrqq"
retweeted,"sonra bir bakmışsın sanırsın memleketin tek haykıranları bunlar. başka hiç bir tartışma yok. sonra bu medya popülizmi ile yayılan bir gündem oluşur. elbette insanlar konuşur. sonra merkez, merkez sağ-sol, hatta hükümet, bir endişeye kapılır.aşırı sağa giden destekten korkarlar /2"
retweeted,"sonra bir bakmışsın sanırsın memleketin tek haykıranları bunlar. başka hiç bir tartışma yok. sonra bu medya popülizmi ile yayılan bir gündem oluşur. elbette insanlar konuşur. sonra merkez, merkez sağ-sol, hatta hükümet, bir endişeye kapılır.aşırı sağa giden destekten korkarlar /2"
retweeted,"sonra bir bakmışsın sanırsın memleketin tek haykıranları bunlar. başka hiç bir tartışma yok. sonra bu medya popülizmi ile yayılan bir gündem oluşur. elbette insanlar konuşur. sonra merkez, merkez sağ-sol, hatta hükümet, bir endişeye kapılır.aşırı sağa giden destekten korkarlar /2"
retweeted,"sonra bir bakmışsın sanırsın memleketin tek haykıranları bunlar. başka hiç bir tartışma yok. sonra bu medya popülizmi ile yayılan bir gündem oluşur. elbette insanlar konuşur. sonra merkez, merkez sağ-sol, hatta hükümet, bir endişeye kapılır.aşırı sağa giden destekten korkarlar /2"
retweeted,"sonra bir bakmışsın sanırsın memleketin tek haykıranları bunlar. başka hiç bir tartışma yok. sonra bu medya popülizmi ile yayılan bir gündem oluşur. elbette insanlar konuşur. sonra merkez, merkez sağ-sol, hatta hükümet, bir endişeye kapılır.aşırı sağa giden destekten korkarlar /2"
retweeted,"sonra bir bakmışsın sanırsın memleketin tek haykıranları bunlar. başka hiç bir tartışma yok. sonra bu medya popülizmi ile yayılan bir gündem oluşur. elbette insanlar konuşur. sonra merkez, merkez sağ-sol, hatta hükümet, bir endişeye kapılır.aşırı sağa giden destekten korkarlar /2"
replied_to,it seems the progressive international is a reformed version of the un.
replied_to,it seems the progressive international is a reformed version of the un.
replied_to,it seems the progressive international is a reformed version of the un.
replied_to,it seems the progressive international is a reformed version of the un.
replied_to,it seems the progressive international is a reformed version of the un.
retweeted,"rt @anon @anon the closest video of the israeli occupation thugs attacking the funeral procession of #shireenabuakleh as the coffin was leaving the french hospital towards the cemetery
#israelicrimes
#crimesagainsthumanity
 https://t.co/ocjetacjdr"
quoted,"the key question now will be the response of the ff/fg/gp government. an honest, firm and proper response https://t.co/orchim3gph"
quoted,the key question now will be the response of the irish government. reminder: fg/ff/gp are in it. #palestine #ireland #eu https://t.co/7dgsrg477y
quoted,the key question now will be the response of the irish government. reminder: fg/ff/gp are in it. #palestine #ireland #eu https://t.co/7dgsrg477y
replied_to,"i̇srail’le hangi bölge devleti ilişki kuruyor-geliştiriyorsa bu sadece ve sadece kendi patronlarının çıkarı içindir. gerisi palavra. i̇srail bu ilişkilerden aldığı güven be güçle, ardında ab, britanya ve abd ile yoluna devam ediyor. /5"
replied_to,"ortadoğu halkları ne kadar filistin dostu ise devletler o derece kıvırıyor. çünkü kendi ekonomik egemenleri, patronları, kapitalistlerinin çıkarı yanında filistin’i kim takar. /4"
replied_to,"artık bir süredir türkiye’nin haşin i̇srail eleştiren medya şahsiyetleri de sus pus. i̇klim, siyaset değişti. 5 yıl önce yazdıkları ile bugün bu suskunlukları aynı bünyede olamaz. i̇çinden biri yalanmış demek ki? /3"
replied_to,ab’nin bm’nin iki yüzlülüğü zaten ortada.arap/i̇slam devletlerinin çoğu liderleri de yıllardır aynı parmak sallamalarla mevcut statükoyu korur.her fırsatta i̇srail’le ilişki düzeltmeye girişir. filistin halkının &amp; toprağının yok edilmesi üzerine varlığını sürdüren bir devlet bu /2
replied_to,ab’nin bm’nin iki yüzlülüğü zaten ortada.arap/i̇slam devletlerinin çoğu liderleri de yıllardır aynı parmak sallamalarla mevcut statükoyu korur.her fırsatta i̇srail’le ilişki düzeltmeye girişir. filistin halkının &amp; toprağının yok edilmesi üzerine varlığını sürdüren bir devlet bu /2
replied_to,ab’nin bm’nin iki yüzlülüğü zaten ortada.arap/i̇slam devletlerinin çoğu liderleri de yıllardır aynı parmak sallamalarla mevcut statükoyu korur.her fırsatta i̇srail’le ilişki düzeltmeye girişir. filistin halkının &amp; toprağının yok edilmesi üzerine varlığını sürdüren bir devlet bu /2
retweeted,"rt @anon ""the israeli army is asking people if they are christian or muslim. if you’re muslim you weren’t allowed in."" - @anon

israeli occupation forces are attacking palestinians during the funeral of killed al jazeera journalist shireen abu akleh. https://t.co/xq3vkeocqn"
retweeted,ab’nin bm’nin iki yüzlülüğü zaten ortada.arap/i̇slam devletlerinin çoğu liderleri de yıllardır aynı parmak sallamalarla mevcut statükoyu korur.her fırsatta i̇srail’le ilişki düzeltmeye girişir. filistin halkının &amp; toprağının yok edilmesi üzerine varlığını sürdüren bir devlet bu /2
retweeted,rt @anon the closest video of the #israeli police suppressing the funeral procession of shireen abu aqleh as the coffin was leaving the french hospital towards the cemetery https://t.co/taosvcuucd
retweeted,ab’nin bm’nin iki yüzlülüğü zaten ortada.arap/i̇slam devletlerinin çoğu liderleri de yıllardır aynı parmak sallamalarla mevcut statükoyu korur.her fırsatta i̇srail’le ilişki düzeltmeye girişir. filistin halkının &amp; toprağının yok edilmesi üzerine varlığını sürdüren bir devlet bu /2
retweeted,"rt @anon what a scene. 
from #shireenabuakleh’s funeral in jerusalem. #شيرين_ابو_عاقلة https://t.co/6gokovi5ez"
replied_to,“patronlar iş birliği yaparken birbirlerinin milletine değil çıkarına bakıyor. bizler de işçi sınıfı olarak her milletten işçiyle birlikte mücadele ederek daha yaşanılır bir hayatı inşa edebiliriz” - meryem
quoted,"“mücadele başladi, ayrimcilik azaldi” 
bir cümleyle o kadar çok şeyi özetlemiş ki meryem. 

meryem’in dediklerini iyi dinlemek, meryem olmak lazım. 
çözüm, meryem’in sınıfı nasıl somutlaştırdığında. https://t.co/j45ewv0qor"
quoted,"“mücadele başladi, ayrimcilik azaldi” 
bir cümleyle o kadar çok şeyi özetlemiş ki meryem. 

meryem’in dediklerini iyi dinlemek, meryem olmak lazım. 
çözüm, meryem’in sınıfı nasıl somutlaştırdığında. https://t.co/j45ewv0qor"
quoted,"“mücadele başladi, ayrimcilik azaldi” 
bir cümleyle o kadar çok şeyi özetlemiş ki meryem. 

meryem’in dediklerini iyi dinlemek, meryem olmak lazım. 
çözüm, meryem’in sınıfı nasıl somutlaştırdığında. https://t.co/j45ewv0qor"
retweeted,"rt @anon over the course of a 5 hour operation, we carried out 2 further rescues last night. the 111 survivors were sailing in rubber boats. there are now 374 people on board the #geobarents.

📷@anna_pantelia https://t.co/mwuod9em6t"
retweeted,"“mücadele başladi, ayrimcilik azaldi” 
bir cümleyle o kadar çok şeyi özetlemiş ki meryem. 

meryem’in dediklerini iyi dinlemek, meryem olmak lazım. 
çözüm, meryem’in sınıfı nasıl somutlaştırdığında. https://t.co/j45ewv0qor"
retweeted,"“mücadele başladi, ayrimcilik azaldi” 
bir cümleyle o kadar çok şeyi özetlemiş ki meryem. 

meryem’in dediklerini iyi dinlemek, meryem olmak lazım. 
çözüm, meryem’in sınıfı nasıl somutlaştırdığında. https://t.co/j45ewv0qor"
quoted,"when the the person of colour, the unwelcomed other, the unequal, the abandoned at borders, the victims of wars gear these buzzwords https://t.co/amjpmcnlln"
quoted,#europeday https://t.co/xf2ydfawtk
quoted,#europeday https://t.co/xf2ydfawtk
quoted,"'pakiler' özellikle britanya’da koloni günlerinin artığı olarak gelmiş, hakaret ve ırkçılık içeren bir kelimedir. türkçe değil, ithaldir.bunu bu profilde bir şahıs i̇ngiltere’de kullansa büyük tepki alır. kullananların yazdığı yerler ise paçavra the sun, daily mail, the mirror  vs https://t.co/kczcyqndtf"
quoted,"bu haberin başlığı niye sığınmacılar da, haber edilen anketin toplamda %82,5 ile ortaya en büyük iki sorun değil? habere başlıkla ayar çekme böyle oluyor galiba. https://t.co/onubrqzez2"
quoted,"bu haberin başlığı niye sığınmacılar da, haber edilen anketin toplamda %82,5 ile ortaya en büyük iki sorun değil? habere başlıkla ayar çekme böyle oluyor galiba. https://t.co/onubrqzez2"
quoted,"bu haberin başlığı niye sığınmacılar da, haber edilen anketin toplamda %82,5 ile ortaya en büyük iki sorun değil? habere başlıkla ayar çekme böyle oluyor galiba. https://t.co/onubrqzez2"
replied_to,mahkeme insan kaçakçısı olmadıklarını kabul etti ama illegal göçe yardım ettikleri için bu inanılmaz insanlık dışı çezayı verdi #mülteciler için ya ölüm ya barbar ab sınır politikaları 2
replied_to,mahkeme insan kaçakçısı olmadıklarını kabul etti ama illegal göçe yardım ettikleri için bu inanılmaz insanlık dışı çezayı verdi #mülteciler için ya ölüm ya barbar ab sınır politikaları 2
retweeted,"rt @anon even though the court acknowledged that they are not smugglers that acted for profit, dropped the charges of ""being part of a criminal organization"" and did not impose life sentences, the three fathers were still convicted for ""facilitating unauthorized entry"". /1
#paros3 https://t.co/aqpbbytyrf"
retweeted,"rt @anon the first rally of the cost of living coalition will be 1pm thursday may 19th at the dail.

that's just a small stepping stone to a national demonstration saturday june 18th. 

let's spread the word. we want action on the cost of living. 

#costoflivingcrisis"
replied_to,@anon @anon ortak ve enternasyonel dayanışma hafızası bunlar. elinize sağlık.
replied_to,"7. irkçılık doğuştan değil, sonradan toplumun ve sistemin içinde öğretilen bir şeydir. politik bir şeydir. ne yazık ki içinde yaşadığımız dünya düzeninin bir hastalığı. /4 

dilerim bu açıklama yeterlidir. selamlar."
replied_to,"5. irkçılık sıradan emeği ile geçinen, ezilen, gelecek kaygısı olan insanları, toplumları böler. bu o insanların daha iyi bir dünyada yaşamasına hiç bir katkı sunmaz, tam tersi
6. irkçılık sorunların &amp; bunlrın kaynağını görünmez kılar.hakkını arayan çalışanların bölünmesi gibi /3"
replied_to,"3. bu daha geniş ve genel bir dünya görüşünün bir parçası. görürüz o dünyayı görmeyiz, ayrı konu. olmadı mezar taşımızda yazar 
4. mülteci biri suç işler ama bu mülteciliğin veya arap olmanın bir özelliği değil. bir türk suç işledi diye tüm türkiyeliler suçlayabilir mi? /2"
replied_to,"3. bu daha geniş ve genel bir dünya görüşünün bir parçası. görürüz o dünyayı görmeyiz, ayrı konu. olmadı mezar taşımızda yazar 
4. mülteci biri suç işler ama bu mülteciliğin veya arap olmanın bir özelliği değil. bir türk suç işledi diye tüm türkiyeliler suçlayabilir mi? /2"
retweeted,rt @anon #worldrefugeeday #allrefugeeswelcome https://t.co/t0dspne26n
quoted,#worldrefugeeday #dublin #allrefugeeswelcome #rt https://t.co/z6tdzv31oq
quoted,#worldrefugeeday #dublin #allrefugeeswelcome #rt https://t.co/z6tdzv31oq
retweeted,rt @anon clinton da büyük ihtimalle kürtajı savunur hatta para öder kim bilir ama bildiğimiz başka bir şey var o da savaş suçlusu olduğu. i̇yi övmeler... https://t.co/1zjv8pkzwc
retweeted,"rt @anon bilkent üniversitesi’nde üniversiteliler olarak ümit özdağ’ın katılımcı olduğu panelde, “faşizme karşı omuz omuza!” sloganları ile özdağ’ın bir süredir sistematik olarak yaptığı ırkçılığı ve mülteci düşmanlığını protesto ettik. 

🗣üniversitelerde ırkçılığa izin vermeyeceğiz! https://t.co/q9f4lmrm4q"
replied_to,"hiç bir türkiye hükümeti tek başına bir başka ülkenin, bölgenin savaşını, baskıcı rejimini vs yok edemez. mültecilerin kaçtıkları ülkelerdeki sorunu çözüp güle oynaya geri göndereceğiz demek içi boş bir hayaldir. türkiye’nin elinde olan siyasi, toplumsal, insani tercihleridir."
replied_to,"mültecileri bir kanser, sadece bir sorun gibi gören anlayış sorunu çözemeyeceği gibi, büyük acılara da neden olabilir. mülteciliğin sebebi mülteciler değildir, onlar sonucudur. dolayısı ile insanları bir yerden koparıp atmak bu küresel krizin kaynağını ortadan kaldırmaz."
replied_to,"bugün, mülteci teknelerini denizde illegal olarak geri çeviren frontex başkanının kellesini götüren ab (bu caniliğin siyasi sorumluluğu üstlenmeden), yarın kaldığı yola devam eder."
replied_to,"bugün, mülteci teknelerini denizde illegal olarak geri çeviren frontex başkanının kellesini götüren ab (bu caniliğin siyasi sorumluluğu üstlenmeden), yarın kaldığı yola devam eder."
replied_to,@anon bir göçmen bakkalından. i̇yi de gitti rakının yanında tuzlu tuzlu
replied_to,@anon bir göçmen bakkalından. i̇yi de gitti rakının yanında tuzlu tuzlu
replied_to,@anon covid sürecinde i̇rlanda da evde kadına şiddet işe ilgili bir rapor https://t.co/j7fo0ehxjq
replied_to,@anon covid sürecinde i̇rlanda da evde kadına şiddet işe ilgili bir rapor https://t.co/j7fo0ehxjq
replied_to,@anon covid sürecinde i̇rlanda da evde kadına şiddet işe ilgili bir rapor https://t.co/j7fo0ehxjq
replied_to,@anon covid sürecinde i̇rlanda da evde kadına şiddet işe ilgili bir rapor https://t.co/j7fo0ehxjq
replied_to,@anon covid sürecinde i̇rlanda da evde kadına şiddet işe ilgili bir rapor https://t.co/j7fo0ehxjq
replied_to,@anon listeye aldım. teşekkürler.
replied_to,@anon yok yok artık o yok :) bu yaz beraber içelim.
replied_to,"@anon teşekkür ederim. 
son dönemde hayatıma girdi bu :)"
replied_to,"@anon teşekkür ederim. 
son dönemde hayatıma girdi bu :)"
replied_to,@anon kesinlikle. özdağ’a argüman taşıyorlar
replied_to,çocukları büyüdü. üniversiteye gidiyor büyük olan. diğeri de peşinde. kürtaj hakkı kampanyasında aktifti anne. artık buralıyız hep beraber. kim be derse desin /5
replied_to,"bir yerde mülteci olup kendini güvende hissettiğin zaman umudun,yaşamını kurma azmin yeniden geliyor. ben de bir sürü i̇rlandalı kadın gibi çocuğum olsun, istedim bu yeni umutla. bunda garip olan ne var. çocuk yapmak için gelmiyoruz. gelebildiğimiz için çocuk yapıyoruz. i̇nsanız /4"
replied_to,"peki mülteciler çocuk yapmak için mi geliyordu: bir iraklı mülteci öğrencim (iki çocuğu vardı, biri burada doğmuştu) meseleyi öylesine netleştirmişti ki. savaştasın, sağın solun ölüm. gelecek umudun yok, bırak çocuk yapmayı varolan çocuğunu yitiriyorsun /3"
replied_to,2004 yılında sağcı hükmet “çocuk yapıp burada kalmak için geliyorlar” diyerek ayyuka çıkardığı siyah-afrikalı mülteci ırkçılığı ile bir referandum düzenledi ve bu anayasal hakkı kaldırdı. ne yazık ki biz kaybettik. /2
replied_to,2004 yılında sağcı hükmet “çocuk yapıp burada kalmak için geliyorlar” diyerek ayyuka çıkardığı siyah-afrikalı mülteci ırkçılığı ile bir referandum düzenledi ve bu anayasal hakkı kaldırdı. ne yazık ki biz kaybettik. /2
replied_to,2004 yılında sağcı hükmet “çocuk yapıp burada kalmak için geliyorlar” diyerek ayyuka çıkardığı siyah-afrikalı mülteci ırkçılığı ile bir referandum düzenledi ve bu anayasal hakkı kaldırdı. ne yazık ki biz kaybettik. /2
replied_to,2004 yılında sağcı hükmet “çocuk yapıp burada kalmak için geliyorlar” diyerek ayyuka çıkardığı siyah-afrikalı mülteci ırkçılığı ile bir referandum düzenledi ve bu anayasal hakkı kaldırdı. ne yazık ki biz kaybettik. /2
replied_to,2004 yılında sağcı hükmet “çocuk yapıp burada kalmak için geliyorlar” diyerek ayyuka çıkardığı siyah-afrikalı mülteci ırkçılığı ile bir referandum düzenledi ve bu anayasal hakkı kaldırdı. ne yazık ki biz kaybettik. /2
replied_to,2004 yılında sağcı hükmet “çocuk yapıp burada kalmak için geliyorlar” diyerek ayyuka çıkardığı siyah-afrikalı mülteci ırkçılığı ile bir referandum düzenledi ve bu anayasal hakkı kaldırdı. ne yazık ki biz kaybettik. /2
quoted,"dün siyahlara bir şey dediğimiz yok deniyordu. bugün apartheid kentler  mi yaratılıyor. nasıl yani? kızılay değil başka yerde aç? hangi yasa gereği bu? suç ne? sağlık bakanlığı, maliye vs hijyen, vergi vs nedeniyle müdahale eder de, asayiş polisi nasıl oluyor da bunu yapıyor? https://t.co/usgmauvc2u"
retweeted,"rt @anon gerry carroll... mla.

elected 💪 https://t.co/siaap9xprp"
retweeted,"dün siyahlara bir şey dediğimiz yok deniyordu. bugün apartheid kentler  mi yaratılıyor. nasıl yani? kızılay değil başka yerde aç? hangi yasa gereği bu? suç ne? sağlık bakanlığı, maliye vs hijyen, vergi vs nedeniyle müdahale eder de, asayiş polisi nasıl oluyor da bunu yapıyor? https://t.co/usgmauvc2u"
retweeted,rt @anon cost of living coalition rally at the dáil 1pm may 19th followed by major national protest on june 18th!
replied_to,@anon aynen
replied_to,bakalım bir sonraki seçimde neler olacak :-) i̇lkinde yüzde 3.7 ile elendik. ama o zaman daha acemiydik. i̇lk seçim afişlerimiz 20'den fazla dilde idi https://t.co/eobivzm776
replied_to,"ha, çok merak ediyorsanız, bir ırkçılık türü olarak islamofobi varsa, 'hepimiz müslümanız'. sosyalist bir partinin, içki içen sosyalist bir adayı olmamız bunu değiştirmez. sonra hep beraber omuz omuza lgbt oluruz, mülteci oluruz, göçmen oluruz... kadınların ardında yoldaş oluruz"
replied_to,"müslüman mısın? yanıtım hep aynıydı. mesele benim kim olduğum değil. sorun aşırı-sağ bir ırkçılık var. onu konuşalım... cinsel tacize uğrayan bir kadına ne giydiğini mi soracağız, kadına şiddeti mi konuşacağız..."
replied_to,"baktık olmuyor, afişleri 'çok seslilik ve dayanışma' panolarıyla değiştirdim ve halka çağrıda bulundum. bana oy verin, vermeyin, önemli değil, ama bu panolara ırkçılığa karşı bir mesaj yazın. büyük destek gördü. medyanın sürekli sorduğu soru: içki içiyor musun, dindar mısın"
replied_to,"baktık olmuyor, afişleri 'çok seslilik ve dayanışma' panolarıyla değiştirdim ve halka çağrıda bulundum. bana oy verin, vermeyin, önemli değil, ama bu panolara ırkçılığa karşı bir mesaj yazın. büyük destek gördü. medyanın sürekli sorduğu soru: içki içiyor musun, dindar mısın"
replied_to,"ah şu mülteci göçmenler.

bodrum marmaris kuşadası’nda içip içip dağıtan avrupalı turistler gibi olsalardı
ne iyi olurdu!

halıya kilime götürseydik
ucuz seramikleri el yapımı diye kitleseydik
turizmi patlatsaydık
oğlanlarımızın ağzı sulansaydı

ya da, hiç gelmeselerdi. 

(14)"
replied_to,"orta - doğu- lu olmak bize yakışmıyor. 

ah şu mülteciler. 
plajları doldurdular 
vatandaş denize giremiyor.

ah şu mülteciler, 
o kadar da müslüman olmasalardı. 
o kadar da arap
ne iyi olurdu.

(13)"
replied_to,"biz aslında avrupa’lı olcakmışız da, 
yanlışlık olmuş
ortadoğulu olmuşuz
biz aydınız, ilericiyiz. o yüzden ortadoğuluları sevmeyen 
ortadoğuluyuz.

biz yılmaz güney filmlerinden ‘ama onlar türkiye’yi temsil etmiyor’ diye konuşuruz, zorlama i̇ngilizce-almanca aksanlarımızla.

(12)"
replied_to,"nazım hikmet, kalıp mücadele etseydi ya.
sabahattin ali, cem karaca
gastarbeiter babalarımız, asgari ücretin nesi kötüydü
londra’da ‘türkiye’de mülteci istemiyoruz’ diye toplantı yapan, 
çoğunluğu eski kaçak-mülteci türkiyeli dernekler… 
kalsalardı ya memleketlerinde. 

(11)"
replied_to,"bizim genç-çoğunluğu erkek vatandaşlarımız, 
“yaşanmaz bu ülkede” diyerek 
hiç bir zaman göçmen olmamıştır.
kalsalardı ya mücadele için

bizim yök bursu ile yurtdışına giden öğrencilerimizin hepsi geri dönmüştür
hizmetlerini tamamlamak için

(10)"
replied_to,"biz hiç almanya’da kaçak çalışmamışızdır.

“bir adımız alamanya beyleri
bir adımız anadolu yabanı 
döner şeritlere dişli çark olduk 
daha bırakmadan kara sabanı”

(9)"
replied_to,"biz hiç suriye’den kaçak mal almamışızdır.
kaçak çay
walkmen
saat
ototeyp

biz gizli-saklı 
hem türkiye 
hem de almanya çifte vatandaşı olmamışızdır

(8)"
replied_to,"bir kirlenmeyiz-kokmayız

bizim gençlerimiz mahallelerde hiç gürültü yapmaz.

bizim gençlerimizin taksim’de taşkınlıkları yoktur. 

hele kadınlara yılbaşı geceleri taciz? duyulduk şey değildir. 

(7)"
replied_to,"bizim taksicimiz hep en kısa yoldan gider
biz hiç ama hiç ehliyetsiz araba kullanmayan
bir milletin evlatlarıyız.

bizim her bireyimiz, en az lisans mezunu üniversiteli

hepimizin türkçesi zeki müren

(6)"
replied_to,"biz öyle iyiyiz ki
deprem sonrası kiralar ve ev fiyatları yükselmez 
bizim çağdaş i̇zmirimizde.
biz sahte can simidi satarak basmane’de çocuklu çocuklu ailelere
kâr yapmak nedir, bilmeyiz. 

(5)"
replied_to,"biz hiç yurtdışına ‘kaçak’ yollarla insan göndermemişizdir.
bizi hep yalvar yakar çağırmıştır diğer ülkeler 

biz fırsatçılık nedir bilmeyiz, mesela felaketler olduğunda 

(4)"
replied_to,"biz hiç kaçak elektrik kullanmayız
biz fişsiz faturasız ticaret yapmayı bilmeyiz.
 
bizim hiç kadın-düşmanı erkeklerimiz yoktur
biz zaten kadına baskı nedir bilmeyiz.

sakallı mülteciler getirdi bunu da bize

(3)"
replied_to,"çocukların kavgasından, 
otopark yüzünden, 
“niye yan baktın lan” diye 
hiç kavga falan çıkaran 
bir millet değiliz.

sahillerimiz hep tertemizdir. 
her girdiğimiz sıra düzenli. 
siz buyurun önden deriz kapıdan geçerken.

(2)"
replied_to,"çocukların kavgasından, 
otopark yüzünden, 
“niye yan baktın lan” diye 
hiç kavga falan çıkaran 
bir millet değiliz.

sahillerimiz hep tertemizdir. 
her girdiğimiz sıra düzenli. 
siz buyurun önden deriz kapıdan geçerken.

(2)"
replied_to,"çocukların kavgasından, 
otopark yüzünden, 
“niye yan baktın lan” diye 
hiç kavga falan çıkaran 
bir millet değiliz.

sahillerimiz hep tertemizdir. 
her girdiğimiz sıra düzenli. 
siz buyurun önden deriz kapıdan geçerken.

(2)"
replied_to,"çocukların kavgasından, 
otopark yüzünden, 
“niye yan baktın lan” diye 
hiç kavga falan çıkaran 
bir millet değiliz.

sahillerimiz hep tertemizdir. 
her girdiğimiz sıra düzenli. 
siz buyurun önden deriz kapıdan geçerken.

(2)"
replied_to,"çocukların kavgasından, 
otopark yüzünden, 
“niye yan baktın lan” diye 
hiç kavga falan çıkaran 
bir millet değiliz.

sahillerimiz hep tertemizdir. 
her girdiğimiz sıra düzenli. 
siz buyurun önden deriz kapıdan geçerken.

(2)"
replied_to,"çocukların kavgasından, 
otopark yüzünden, 
“niye yan baktın lan” diye 
hiç kavga falan çıkaran 
bir millet değiliz.

sahillerimiz hep tertemizdir. 
her girdiğimiz sıra düzenli. 
siz buyurun önden deriz kapıdan geçerken.

(2)"
replied_to,"göç politikalarını tartışmak ırkçılık yapmak anlamına gelmemeli. nazizmden öğrenilen ve toplumda kin ve nefreti yayan propogandalar ünvanlı kişilerce normalleştirilmemeli.
evet, ırkçılığa karşı bir çağrı, bir bildiri yayınlanmalı. bu iş meslek odaları, sanat camiasına vs düşer /2"
replied_to,"göç politikalarını tartışmak ırkçılık yapmak anlamına gelmemeli. nazizmden öğrenilen ve toplumda kin ve nefreti yayan propogandalar ünvanlı kişilerce normalleştirilmemeli.
evet, ırkçılığa karşı bir çağrı, bir bildiri yayınlanmalı. bu iş meslek odaları, sanat camiasına vs düşer /2"
retweeted,rt @anon united against racism condemns minister for housing darragh o'brien's attempt to partially blame migrants for the recent rise in homelessness @_housingcrisis #homesforall https://t.co/lbhkvqyoyz
retweeted,"göç politikalarını tartışmak ırkçılık yapmak anlamına gelmemeli. nazizmden öğrenilen ve toplumda kin ve nefreti yayan propogandalar ünvanlı kişilerce normalleştirilmemeli.
evet, ırkçılığa karşı bir çağrı, bir bildiri yayınlanmalı. bu iş meslek odaları, sanat camiasına vs düşer /2"
replied_to,@anon kolay gelsin. başarılar.
replied_to,@anon i̇nteraktif bir site https://t.co/0gi67twdir
replied_to,@anon https://t.co/xcoalnplct
replied_to,@anon https://t.co/q4p06ryqrq
replied_to,"@anon o dönemde çıkan haberler. ab hükümetleri hasıraltı etti bu araştırmayı

https://t.co/sfipqiroqk"
replied_to,@anon https://t.co/a8ochl83au
replied_to,@anon https://t.co/a8ochl83au
replied_to,@anon https://t.co/a8ochl83au
replied_to,@anon https://t.co/a8ochl83au
replied_to,@anon https://t.co/a8ochl83au
replied_to,@anon https://t.co/a8ochl83au
replied_to,@anon https://t.co/a8ochl83au
replied_to,@anon https://t.co/a8ochl83au
replied_to,@anon https://t.co/a8ochl83au
replied_to,@anon https://t.co/a8ochl83au
replied_to,@anon https://t.co/a8ochl83au
replied_to,@anon https://t.co/a8ochl83au
replied_to,@anon https://t.co/a8ochl83au
replied_to,"2001’den beri işgal altında bir afghanistan, 2003’ten beri kan gölü olmuş bir irak. 2011’den beri darmadağın olmuş bir suriye. dalga mı geçiyorsunuz, bayramda sokakta iki dans etmişlermiş, işgal etmişlermiş.. siz ne zaman türk fakirinin dermanı oldunuz da bugün halkçı kesildiniz?"
replied_to,"hepiniz,evet hepiniz iç ya da dış göç yaşamış ailelerdensiniz.ekmek için,eğitim için,güvenlik vs nedeniyle.hiç biriniz suriyelilerin afganların yaşadığı kan ve yıkımı görmedi-yaşamadı.hiç biriniz 20 yıldır,10 yıldır bombalar altında yaşamıyor. bu insanları artık rencide etmeyin"
replied_to,"siz ne zaman ve nasıl afgan-suriye bayrağına, diline bu kadar düşman oldunuz? derdiniz sıradan türkiye halkı değil sizin. halkçılık diliyle ırkçılık yapmak. ve çok kopyalama bir yöntem. derdiniz sıradan insanların iyiliği-refahı değil."
replied_to,"siz ne zaman ve nasıl afgan-suriye bayrağına, diline bu kadar düşman oldunuz? derdiniz sıradan türkiye halkı değil sizin. halkçılık diliyle ırkçılık yapmak. ve çok kopyalama bir yöntem. derdiniz sıradan insanların iyiliği-refahı değil."
replied_to,"siz ne zaman ve nasıl afgan-suriye bayrağına, diline bu kadar düşman oldunuz? derdiniz sıradan türkiye halkı değil sizin. halkçılık diliyle ırkçılık yapmak. ve çok kopyalama bir yöntem. derdiniz sıradan insanların iyiliği-refahı değil."
replied_to,"siz ne zaman ve nasıl afgan-suriye bayrağına, diline bu kadar düşman oldunuz? derdiniz sıradan türkiye halkı değil sizin. halkçılık diliyle ırkçılık yapmak. ve çok kopyalama bir yöntem. derdiniz sıradan insanların iyiliği-refahı değil."
replied_to,"after two years and two months #wfh first time back in the office. oh, how much i missed the @anon journeys. 
with the book and the coffee

#publictransport 👍🏿  #goodforclimate 
#rto"
replied_to,"after two years and two months #wfh first time back in the office. oh, how much i missed the @anon journeys. 
with the book and the coffee

#publictransport 👍🏿  #goodforclimate 
#rto"
replied_to,"sadece bas geç değil koşullar. bugün savaş, mülteciler ekonomi derken, çok daha kaynayan bir dünya/türkiye var. i̇şçi sınıfı ve halklar bu seçim sürecinin sadece pasif seyircisi olmayacak, içinde olacak, orası kesin. i̇şçi sınıfının duruşu belirleyecek yakın ve uzak geleceği /3"
replied_to,"seçim arenası sadece sandıkta bir oy mücadelesi değil geleceği belirlemek ve topluma şekil vermek isteyenler için bir karman çorman bir ‘vizyon’ kapışması olacak. sahte kutuplaşmalar, sahte birliktelikler. ama her durunda süreç bir mücadele ve kampanya süreci de olacak /2"
replied_to,"seçim arenası sadece sandıkta bir oy mücadelesi değil geleceği belirlemek ve topluma şekil vermek isteyenler için bir karman çorman bir ‘vizyon’ kapışması olacak. sahte kutuplaşmalar, sahte birliktelikler. ama her durunda süreç bir mücadele ve kampanya süreci de olacak /2"
replied_to,"seçim arenası sadece sandıkta bir oy mücadelesi değil geleceği belirlemek ve topluma şekil vermek isteyenler için bir karman çorman bir ‘vizyon’ kapışması olacak. sahte kutuplaşmalar, sahte birliktelikler. ama her durunda süreç bir mücadele ve kampanya süreci de olacak /2"
replied_to,"seçim arenası sadece sandıkta bir oy mücadelesi değil geleceği belirlemek ve topluma şekil vermek isteyenler için bir karman çorman bir ‘vizyon’ kapışması olacak. sahte kutuplaşmalar, sahte birliktelikler. ama her durunda süreç bir mücadele ve kampanya süreci de olacak /2"
retweeted,"rt @anon binlerce takipçili hesaplardan adalar'da bisiklete binen koyu renk derili insanların fotoğrafını paylaşıp ""işte adalar'ın hâli"" yazmak, meselenin taciz vs. olmadığını, göçmenlerin gayet sıradan, normal davranışlarının da tolere edilmediğini gösteriyor."
retweeted,"seçim arenası sadece sandıkta bir oy mücadelesi değil geleceği belirlemek ve topluma şekil vermek isteyenler için bir karman çorman bir ‘vizyon’ kapışması olacak. sahte kutuplaşmalar, sahte birliktelikler. ama her durunda süreç bir mücadele ve kampanya süreci de olacak /2"
retweeted,"seçim arenası sadece sandıkta bir oy mücadelesi değil geleceği belirlemek ve topluma şekil vermek isteyenler için bir karman çorman bir ‘vizyon’ kapışması olacak. sahte kutuplaşmalar, sahte birliktelikler. ama her durunda süreç bir mücadele ve kampanya süreci de olacak /2"
retweeted,"seçim arenası sadece sandıkta bir oy mücadelesi değil geleceği belirlemek ve topluma şekil vermek isteyenler için bir karman çorman bir ‘vizyon’ kapışması olacak. sahte kutuplaşmalar, sahte birliktelikler. ama her durunda süreç bir mücadele ve kampanya süreci de olacak /2"
quoted,"bunu çok iyi anlıyorum. buranın ırkçısı “buraya karışma, ülkene defol” diyor, türkiye’deki ‘abiler’ “sen dışardan karışma”, diye kural koyuyor. aslında çoğunlukla karşı argüman getiremediklerinde bu yönteme başvuruyorlar sanki. neyse dünya bizim :) https://t.co/gpn18kea5t"
replied_to,"@anon @anon the need for more services, busses &amp; trains etc, or the need for better transport networks are not arguments to dismiss free public transport. in fact these are complimentary demands. don’t understand what your point is garrett. remember climate change needs radical/urgent action"
replied_to,"@anon @anon the need for more services, busses &amp; trains etc, or the need for better transport networks are not arguments to dismiss free public transport. in fact these are complimentary demands. don’t understand what your point is garrett. remember climate change needs radical/urgent action"
replied_to,@anon ancak işçi sınıfı ile kurulacak/güçlendirilecek ilişkilerle bu yükseltilen ‘ırkçı-muhalefetin’ özgürlükçü muhalefete çevrilmesi olası. ana akım muhalefet halkçılık-işçicilik laflarıyla tehlikeli bir ırkçılık yayıyor
replied_to,@anon ancak işçi sınıfı ile kurulacak/güçlendirilecek ilişkilerle bu yükseltilen ‘ırkçı-muhalefetin’ özgürlükçü muhalefete çevrilmesi olası. ana akım muhalefet halkçılık-işçicilik laflarıyla tehlikeli bir ırkçılık yayıyor
