TweetType,Tweet
replied_to,@anon @anon @anon @anon
quoted,cmon this a good pun https://t.co/7ybtujyro3
retweeted,rt @anon lmaoooo https://t.co/nstngkmnbg
replied_to,@anon pahahahahahahhahaha yl(gb)t+
retweeted,rt @anon seizing the means of itv productions. https://t.co/7ksoznxef9
retweeted,rt @anon https://t.co/cidckgxckm
retweeted,rt @anon my politics is whatever this is https://t.co/zqc2swinhd
retweeted,"rt @anon workers have one form of power, and that’s collective bargaining. don’t go begging for your rights, play hardball and secure them! https://t.co/ggbzrl8pmr"
replied_to,@anon reported for targeted abuse
retweeted,rt @anon https://t.co/r5waxowhtb
retweeted,rt @anon football rivalry done correctly. https://t.co/wzxumpuarp https://t.co/h0hbcz6l9t
replied_to,@anon @anon i think i remember one or two lines in 6 years of history in a scottish school on ireland/the famine/the revolution/wars of independence.  education would go a long way to tackle still rampant sectarianism in scotland and the uk.
replied_to,@anon @anon intae these huns
replied_to,@anon @anon intae these huns
retweeted,"rt @anon on #internationalworkersday, let us celebrate the incredible history of our movement, and honour those who sacrificed so much for the cause of workers’ rights, by carrying on that fight and building a world of peace, justice and socialism. https://t.co/ikvg3a8uha"
retweeted,@anon @anon intae these huns
replied_to,@anon working for amazon is sound. but buying from them is late stage capitalism.
replied_to,@anon anti-capitalist for sure
retweeted,rt @anon i don’t want 8k tvs and self driving cars. i want a 4 day work week and rent control.
replied_to,@anon @anon easy dub
retweeted,"rt @anon next month, the conservatives will have been in office for 12 years. i can think of dozens of ways in which they have made life in this country worse. i cannot think of one way in which they have made life in this country better."
replied_to,@anon bahahahaahhsshajahahaha
replied_to,@anon world finna end
replied_to,@anon insane cover art
replied_to,@anon what the fuck is this
quoted,"probably the first time she’s ever had to explain her job, and it shows. https://t.co/qhosyvknk5"
quoted,this but backwards https://t.co/1rr86djapa
replied_to,@anon *poster
replied_to,@anon are paper submissions still open?
replied_to,@anon @anon fool me once
replied_to,@anon in my head its lik dis https://t.co/pcfhykg7it
retweeted,rt @anon me getting ready before going out: https://t.co/m5ya280cy3
retweeted,rt @anon has no one told this guy he’s least concern? he’s got nothing to worry about https://t.co/0mfyrayveg
retweeted,"rt @anon to commemorate #internationalwomensday, some of my favourite pics of women being badasses. first up, saffiyah khan. https://t.co/wollvwbjgo"
quoted,ireland's neutrality is teetering https://t.co/ptrjputvcq
replied_to,@anon dont a me
replied_to,levels https://t.co/r4vm19xga4
replied_to,levels https://t.co/r4vm19xga4
replied_to,"@anon @anon wordle 219 1/6 - jfk coming in clutch

🟩🟩🟩🟩🟩"
retweeted,rt @anon https://t.co/up3hbsjbam
replied_to,high kick kev is leading it
replied_to,high kick kev is leading it
replied_to,@anon hope youre getting through them
replied_to,@anon hope youre getting through them
replied_to,yes its contagious
replied_to,yes its contagious
replied_to,@anon what the fuck happened here
retweeted,rt @anon not a week goes by in politics where i don’t miss vincent browne. he would implode with the current state of affairs. his rebuke of stephen donnelly needs to be submitted to the national archives and labelled under aphrodisiac. https://t.co/ieqpxn3fje
replied_to,@anon yesssssss
replied_to,@anon @anon announce @ news clichés pls
quoted,having a normal one. what the heck @anon https://t.co/0cikny2709
replied_to,@anon shut up
replied_to,@anon shut up
replied_to,@anon ❤️❤️❤️❤️
replied_to,@anon the circle is complete ⭕ ⚡⚡⚡
replied_to,@anon which ones
retweeted,"rt @anon unbelievable, desperate scenes at kabul’s international airport 👇🏽 thousand of people, families, young children, all trying to leave #kabul as the taliban takes hold. 

chaos on the tarmac with people moving around between airline jets https://t.co/u5pksbgf5w"
replied_to,@anon crocodile car would dominate
retweeted,"rt @anon i did not know this 

https://t.co/0vfww5z104 https://t.co/28exqfeett"
quoted,young lookin mid 20 year olds wantin free buses 🤝 old looking teenagers wantin booze https://t.co/kf37imk2ab
retweeted,rt @anon me from now until sunday https://t.co/41acvlxzlz
replied_to,@anon @anon what brand/where can you get these
replied_to,@anon sound of the summer
replied_to,"@anon yeah it's slick, nice colour combo, looks like classic literature"
replied_to,@anon first wan surely
retweeted,"rt @anon in a historic motion, ireland has recognized and condemned israel's de facto annexation of palestine, and will now move on to voting on the amendment that, if passed, would expel the israeli ambassador to ireland and impose sanctions against israel."
retweeted,@anon first wan surely
quoted,happy birthday karl marx 🎉💪 https://t.co/sz5iqbxy8w
retweeted,rt @anon happy avril 14th everyone https://t.co/wy0oayaymn
replied_to,"@anon shower yourself in coffee like sum kinda stunad, it has changed my life"
retweeted,rt @anon @anon same https://t.co/zjxma9xvhv
retweeted,"@anon shower yourself in coffee like sum kinda stunad, it has changed my life"
retweeted,"rt @anon it’s kind of cool to live in the most inefficient system in the history of the world. without a doubt nobody will ever create this much crap, junk and garbage ever again"
quoted,what is life https://t.co/ckx6xktatq
quoted,how the fuck are the lough church allowed to play those stupid bell songs in the lead up to the angelus?! so dumb. it's noise pollution...🤫@corkcitycouncil @anon
retweeted,rt @anon https://t.co/ecxspmvrty
retweeted,rt @anon how they wrote hamilton with @anon https://t.co/6w9hj1dfyu
replied_to,@anon @anon hahahahaha unreal ⭐⭐⭐⭐⭐
replied_to,@anon @anon @anon @anon @anon @anon @anon i'm concerned about the damage and wastefulness of historic buildings that already occurs throughout the city. some shocking use of public space in cork. can already see it being a complete eyesore
replied_to,@anon @anon @anon @anon @anon @anon @anon i'm concerned about the damage and wastefulness of historic buildings that already occurs throughout the city. some shocking use of public space in cork. can already see it being a complete eyesore
replied_to,@anon @anon @anon @anon @anon @anon @anon i'm concerned about the damage and wastefulness of historic buildings that already occurs throughout the city. some shocking use of public space in cork. can already see it being a complete eyesore
retweeted,"rt @anon @anon 1/2 you don’t really believe the peeing in bottles thing, do you? if that were true, nobody would work for us. the truth is that we have over a million incredible employees around the world who are proud of what they do, and have great wages and health care from day one."
replied_to,@anon @anon these are mental
replied_to,@anon @anon @anon @anon @anon @anon @anon is this good news?
replied_to,@anon @anon @anon @anon @anon @anon @anon is this good news?
replied_to,@anon ratgatattack
retweeted,"rt @anon extract from 'would you die for ireland?', john bryne, 2003 https://t.co/kssmnefzlu"
replied_to,@anon @anon @anon @anon @anon @anon @anon @anon @anon is there anywhere to read this?🙂
replied_to,@anon all chapter no book. 🐐
retweeted,rt @anon this is an important piece of british neorealist cinema. https://t.co/9yx7ew9bjg
replied_to,@anon yes haha same effect. @anon definitely does this too
replied_to,@anon yes haha same effect. @anon definitely does this too
retweeted,rt @anon https://t.co/vcauoj1xib
quoted,@anon https://t.co/xkv3wsxiy3
replied_to,@anon @anon @anon shewatshewatshewatshewatshewatshewatshe
replied_to,@anon @anon @anon this has made my 2021
retweeted,rt @anon @anon that pint pour 'twas me....a depressed canadian
replied_to,@anon alternate angle of it here. i was entranced https://t.co/i7wih2p3yh
retweeted,rt @anon obsessed with the dark energy from this photo https://t.co/indso53vcm
replied_to,@anon 👍
quoted,solidarity from cork deliveroo cyclist #deliverooridersstrike https://t.co/x3lsb5mky8
replied_to,"@anon yaas do it, fat little italian man"
retweeted,"rt @anon [no, you were not the only one who thought of direct provision as you read these words.] https://t.co/vdov5mm3si"
retweeted,"rt @anon @anon golf themed new-age, this is our brand. 
https://t.co/jetsbqkxvr"
replied_to,@anon @anon convinced you actually run this account
replied_to,@anon @anon convinced you actually run this account
replied_to,@anon and theyve got that one song... https://t.co/y9aacq7ssl
replied_to,@anon i am a internet tycoon
quoted,"never been to one, but what i imagine it's like being in a cabinet meeting these days https://t.co/bgdmvhqyml"
quoted,"never been to one, but what i imagine it's like being in a cabinet meeting these days https://t.co/bgdmvhqyml"
replied_to,@anon @anon @anon afternoon well spent... https://t.co/0hktmdjyru
replied_to,"@anon advertisers wet dream, ad break watch alongs"
replied_to,"@anon tried, dug out the latpop just to watch along but obviously the player doesn't show ads ugh"
replied_to,"@anon tried, dug out the latpop just to watch along but obviously the player doesn't show ads ugh"
replied_to,@anon yaaaaaaaaaaaaaaaaàaaaaaaasssss
replied_to,@anon @anon holy shit
replied_to,@anon any new facial expressions dropping soon?
replied_to,@anon @anon @anon @anon
replied_to,@anon @anon @anon @anon
replied_to,@anon up there as best part of the whole damn vid
replied_to,"@anon this is the first half of one ae they 'how it's going' shitememes where the 'how it's going' is we are both lying in our own filth, in a rotting building, where you can faintly make out the shop title; 'scaruffi drone strikes'

so yea i'm in."
replied_to,@anon yas. dae it
replied_to,@anon guy is aff his nut
replied_to,@anon @anon based
replied_to,@anon https://t.co/urmttpovig
replied_to,@anon https://t.co/urmttpovig
replied_to,"@anon cant get this tune oot ma nut 

..._.....____________________, ,
....../ `---___________----_____] = = = = = 8)
...../_==o;;;;;;;;_______.😕
.....), ---.(_(__) /
....// (..) ), ----""
...//___//
..//___//
.//___//

banger 
double trip flip🥸🥸🤡🤡🤡 
na%%%sshhhhhss%h"
replied_to,"@anon better not be the scaruffian 🙄
what did he gie it tho"
replied_to,@anon real q is how the actual fook you found this
replied_to,@anon best o luck with the retail therapy
replied_to,@anon nay borrr son
replied_to,@anon @anon very thoughtful and diplomatic.  wholeheartedly agree
replied_to,@anon being up at 4 am won't help that
retweeted,rt @anon we won’t be able to say we didn’t know https://t.co/mkrcktbext
replied_to,@anon my chemical romance. good choice
replied_to,@anon what is the one
replied_to,@anon get out of your wiki hole and back to work.
quoted,"""some of the most violent pats on the back i've ever experienced"", i love it so much https://t.co/olavmrfmc6"
retweeted,rt @anon when mr tumble gets a yellow card for a tackle from behind https://t.co/tfzzdteqiy
retweeted,rt @anon the moment our @anon team is attacked by police. cameraman tim myers has covered war zones around the world. today this is what confronted him and @ameliabrace outside the white house https://t.co/kpy0nziwsm
retweeted,rt @anon let’s keep retweeting this please if it’s annoyed the loathsome hypocrites who now preside over us. https://t.co/nahoxea7r6
replied_to,"@anon @anon as someone with both pku and an imminent deadline for a writing a systematic review, thank you on both counts for this. 👍"
replied_to,@anon hello
replied_to,@anon @anon here mum
retweeted,"rt @anon westminster is broken. 

it doesn’t have to be this way. we can build a better, fairer, more equal country.

an independent country.

pledge your support at https://t.co/1tbod5pyt1"
retweeted,"rt @anon fascism doesn’t arrive in jackboots. it’s men in suits looking calmly over overcrowded cages full of people, and deciding to turn their backs on human suffering. https://t.co/rhyjcwtqlh"
retweeted,rt @anon she says it better than i ever will ❤️https://t.co/r6ptl9cu7t
retweeted,rt @anon “look around you. i just don’t believe there are 14 million in poverty!” says multi-millionaire who spends almost all his time with other millionaires. https://t.co/hjfjzweki2
retweeted,"rt @anon 🧠| congratulations to season ticket holder robbie campbell hewson, who was part of the edinburgh university team that won tonight’s university challenge!

robbie’s been a season ticket holder since 2003 and was a mascot a year later. https://t.co/zdw6j1kpsa"
retweeted,"rt @anon the first photos of trump's ""criminals"" aboard an ice bus bound for a detention center in mcallen,  texas. we snapped these as lulac blocked the bus today. https://t.co/7wlu8r6syu"
retweeted,rt @anon melting from the antarctic ice sheet has accelerated threefold in the last five years and is now vanishing faster than at any previously recorded time. this should be the biggest story of the day/week/month/year.  https://t.co/jkdgppfhbx
replied_to,"@anon sorry nothing, i repeat nothing beats john giles in the pundits box from across the pitch https://t.co/ncpq7kqrkv"
replied_to,@anon who is that absolute legend in the middle?
retweeted,rt @anon the uk has just legalized the most extreme surveillance in the history of western democracy. it goes farther than many autocracies. https://t.co/yvmv8cohrj
retweeted,rt @anon what is process for removing our eu citizenship? voting yes. #scotdecides
replied_to,@anon @anon i won't buy 'daily ranger' rag says yer da.
retweeted,rt @anon real madrid with an important reminder for the world that life's not fair
retweeted,@kenearlys @anon assistant manager craig shakespere! it was meant to be #richardiiihavingaparty https://t.co/hwfuwvf4qp
replied_to,"@anon phenylketonuria, metabolic disorder that restricts patients to a low-protien diet due to inability to break down phenylalanine"
replied_to,@anon @anon i have pku and its great to see this show of support and recognition.
retweeted,rt @anon is it a watered down version of when you hear about how many brits are killed in some tragedy? cos we're more like them than like others?
replied_to,@anon where did you get that photo?!
replied_to,@anon thats me with the flag!
retweeted,"rt @anon in honour of mr memory man - jimmy magee's 80th birthday, we'll donate €1 to @anon for every retweet this gets! http://t.co/lglpcpw4uf"
retweeted,"fire in warrender gym, somebody burned too many calories... @anon"
retweeted,rt @anon somebody actually selling these scarves outside the game. mother of jude http://t.co/qswsnndxhr
retweeted,"rt @anon on a night when the scots vote on independence, here's dublin in 1949, the night ireland became a republic. #indyref http://t.co/ur4cswcuui"
retweeted,"rt @anon big day in scotland today, voting on independence. noted in catalonia with a scottish flag at the camp nou last night http://t.co/14ssw2nnrt"
retweeted,rt @anon huge day for scotland today! no campaign negativity last few days totally swayed my view on it. excited to see the outcome. lets do this!
