TweetType,Tweet
retweeted,"rt @anon con la academia global de migración y medios (#gmma), la oim y nuestros socios queremos crear una comunidad de conocimiento y expandirla para tener una cobertura mediática sobre la #migración más ética y precisa.

cc @laliniv @iomireland https://t.co/wskkc8avbh"
retweeted,un gives award to irish programme to reduce poverty via @anon https://t.co/f4yvnkze0l
retweeted,rt @anon chief of mission @anon @anon  speaking about the #gmma this morning https://t.co/ydyto3sgzz
retweeted,rt @anon this sunday marks the international day for the elimination of sexual violence in conflict. we are deeply concerned about the risk to women &amp; girls from ukraine &amp; have expanded our services to support women impacted by sexual exploitation. see more here: https://t.co/d2vxscb43g https://t.co/co5dlie82e
retweeted,"rt @anon “while paying for essential items and funding human capital development is arguably the most important function of remittances, studies also show that up to $190 billion can be leveraged for local investment and development. -@iomchief on international day of #familyremittances https://t.co/8wr9ap7sfh"
retweeted,"rt @anon in conflict, it is the most vulnerable who are exposed to abuse &amp; exploitation.

as the war in #ukraine rages on, the vulnerability of the 15 million who have fled their homes has only increased.

we must do more to prevent sexual &amp; gender-based violence and human trafficking. https://t.co/sjqeozssuj"
retweeted,"rt @anon ‘in the irish’s own history, they have gone abroad and migrated many times so they can understand what it means to be in a foreign country’

#braziliansinireland #braziliancommunity #migrantsinireland

video: iom/muse mohammed https://t.co/nk5uwcg8jm"
retweeted,pleased to join the launch of the joint iom-unodc workshop focusing on prosecution of trafficking cases in ireland ⁦@unodc⁩ ⁦@gardatraffic⁩ ⁦@dppireland⁩ ⁦@anon⁩ https://t.co/0ortgnswpg
quoted,pleased to see the roll out of the foundation course of the gmma. thank you to our donors @anon and @anon https://t.co/tzs6zeysyp
retweeted,"rt @anon the strong engagement in the imrf this week reinforces that, despite the challenges we face, international cooperation towards stronger migration governance remains a common commitment. #migration2022 https://t.co/axkoiifqo3"
quoted,very pleased to join the launch this morning. ruhama is doing a great work to safeguard the rights of vulnerable migrants https://t.co/luz4uezjsu
retweeted,"rt @anon “we are extremely worried about the humanitarian situation in ukraine. it is our duty to safeguard particularly unaccompanied minors, recognizing that their vulnerability places them as main targets for exploitation and human trafficking.“ said @laliniv  https://t.co/2sg8luceay"
retweeted,"rt @anon ❗child trafficking exploits children who are tricked, moved, forced to work, or sold. these children are intentionally hidden &amp; isolated. knowing the signs can help give a voice to children. if you suspect a minor is a victim of trafficking contact 1800 666 111 or 999/112☎️ https://t.co/w90bprzo4u"
quoted,excellent presentation from the @anon @anon on the relevance and use of the mgi in ireland https://t.co/3gonqzfuzd
retweeted,"rt @anon the publication launched today sets a baseline for what could be the first quadrennial mgi data contribution to each imrf, also supporting the regional global compact reviews.-@iomchief https://t.co/tztr4itibv"
retweeted,"rt @anon amy and i couldn’t be more proud of the sisterhood at @anon!

we are grateful to be sharing our platforms with so many talented, passionate and inspiring women. https://t.co/64bx26rbrn"
retweeted,"rt @anon as volunteers descend on ukrainian refugees fleeing conflict, many with good intentions, yet many don't. trafficking can be dangerously subtle.
know your rights, know the signs – know the story.
☎️if you suspect someone is a victim of trafficking contact 1800 666 111 or 999/112 https://t.co/75tu9jlukt"
retweeted,"rt @anon more than 12 million people have been forcibly displaced by the war in #ukraine.

@anon will address the un #securitycouncil on the #ukraine crisis. 

tune in today at 3:00 p.m. (est)

🔗https://t.co/fxsql51jyr https://t.co/wmmdnfcnqy"
retweeted,"rt @anon from all of us at iom ireland, we wish you a very happy easter! https://t.co/mpw0jx5iji"
retweeted,"rt @anon discussing supports, services and inclusion for our migrants as well as our ukrainian refugees with the director general of @iom_un @iomchief antónio vitorino this afternoon in dublin castle. https://t.co/kw0azuitzl"
retweeted,"rt @anon pleased to meet with ireland’s minister of justice helen mcentee today.

i congratulated the government’s exceptional work on various migration issues including resettlement, counter trafficking, gender based violence, and for their response to the humanitarian crisis in ukraine. https://t.co/cusngnxm9e"
retweeted,"rt @anon and it’s a wrap!

yesterday’s townhall in dublin was truly inspiring.

no matter where we operate or the size of the mission, iom staff stand for the same values: humanity, compassion, empathy, and a safer, more prosperous future for all, including people on the move. https://t.co/xnyspjjpmj"
retweeted,"rt @anon the dublin declaration will mark the future of diaspora engagement. extremely grateful and happy to be part of this team @unmigration @iomireland. thank you to all our colleagues, partners and friends who made this historic moment possible! https://t.co/7shumuby3n"
retweeted,"rt @anon ramadan kareem! 

iom extends its warmest wishes to the millions observing the holy month of #ramadan https://t.co/w16wk9wi7t"
retweeted,excellent presentation from the @anon @anon on the relevance and use of the mgi in ireland https://t.co/3gonqzfuzd
retweeted,"rt @anon i am grateful for the generous contribution from switzerland which will enable iom to assist third-country nationals who fled #ukraine and wish to return home safely from poland, romania and slovakia. 

this support will offer a dignified route to those stranded and in need. https://t.co/tjxwij0yfq"
retweeted,"rt @anon register for #globaldiasporasummit #dublin2022
https://t.co/gz5o2uzb4x
@anon @anon @anon @anon https://t.co/neqhrfp5e3"
replied_to,@anon @anon @anon @anon it was great pleasure to be in nui galway. look forward to further collaboration and the summer school in june.
retweeted,"rt @anon people arriving from ukraine in need of our help can immediately get the documents they need to stay here and access supports at our new @dublinairport reception centre.

@hhumphreysfg and i saw the great work underway by departments, the daa and companies working together. 🇮🇪 🇺🇦 https://t.co/i5faknkewa"
retweeted,"rt @anon today irish aid launches a new €1m fund, offering grants of up to €300,000 to irish companies, ngos and researchers working on climate issues in developing countries. 

the closing date for applications is 29 april 2022. 

more information 👉 https://t.co/rkia5vwkob https://t.co/kvcohkgvwb"
retweeted,"rt @anon i am alarmed about verified reports of discrimination, violence and xenophobia against third country nationals attempting to flee the conflict in #ukraine. 

discrimination on the basis of race, ethnicity, nationality or migration status is unacceptable.

https://t.co/npp4afqxoe"
retweeted,"rt @anon we in ireland have always played our part in welcoming and sheltering those in need, and we will do so again for our ukrainian friends. i will be proud to support this measure at a meeting of eu justice and home affairs ministers on behalf of the irish government. 🇮🇪  🇺🇦 🇪🇺 https://t.co/udab0204a2"
retweeted,delighted to have exchanged with the society for international affairs ⁦@anon⁩ https://t.co/it8tnowcyo
retweeted,"rt @anon 🚨 minister @anon announces immediate lifting of visa requirements between #ukraine &amp; #ireland

supports swift exit of:

🔸 ukrainian family members of irish citizens
🔸 &amp; family members of people from ukraine who are resident in ireland

👉 for more: https://t.co/4uvf3jeqkd https://t.co/sf7j5eyzjn"
retweeted,rt @anon @anon how many people have died in your care in the balkans since 2016?
retweeted,"rt @anon 🔔 #job reminder - an garda síochána 

👮 applications encouraged from new irish communities, women and people from minority groups

📅 closing date: 16 march 2022

👉 for more information on this role visit 🔗 https://t.co/a331dz6mls 

@gardainfo @publicjobsie https://t.co/abvh9fxbwy"
retweeted,delighted to have exchanged with the society for international affairs ⁦@anon⁩ https://t.co/it8tnowcyo
replied_to,@anon well done dr! your commitment has been and remains exemplary!
replied_to,a very productive and insightful meeting with state minister colm brophy. looking forward to the global diaspora summit in april 2022. ⁦@dfatirl⁩ ⁦@henriksonola⁩ ⁦@anon⁩ https://t.co/gnfnfvyepm
replied_to,a very productive and insightful meeting with state minister colm brophy. looking forward to the global diaspora summit in april 2022. ⁦@dfatirl⁩ ⁦@henriksonola⁩ ⁦@anon⁩ https://t.co/gnfnfvyepm
retweeted,"rt @anon what are the migration trends worldwide?  
 
learn more: https://t.co/uzicrjvb87 https://t.co/husldtiwln"
retweeted,"rt @anon our undocumented scheme is now open! it will give thousands of people who are already contributing so much to our country and communities the opportunity to come in from the legal shadows and regularise their status. 

find out more at https://t.co/an4xclfzhj https://t.co/tloefi8thp"
retweeted,"rt @anon 📢the undocumented scheme opens on 31 january 2022.

🫂 it will improve the lives of thousands of people who don’t have a current permission to live in ireland.

ℹ️ 🧵here’s what you need to know about applying: https://t.co/zhpmlphs4z"
retweeted,"rt @anon art and theater bring people together.  

in senegal, artists and @anon volunteers are raising awareness about the risks of irregular migration. https://t.co/mhh15gk1tn"
retweeted,"rt @anon over 158,000 people remain displaced, a month after #typhoonrai devastated parts of the philippines. 

iom and partners continue to provide shelter, camp coordination management, and health support in affected and hard to reach areas of southern leyte and dinagat islands. https://t.co/tbsgk6raqw"
retweeted,"rt @anon do female international migrants outnumber male migrants?  

learn all this and more in the #wmr2022: https://t.co/2wmlbxtqmk https://t.co/vz4bgw9vaq"
retweeted,a pleasure meeting with ambassador obiezu. look forward to working more closely with the nigerian embassy in ireland ⁦⁦⁦@anon⁩ https://t.co/2sf3rppzec
retweeted,a pleasure meeting with ambassador obiezu. look forward to working more closely with the nigerian embassy in ireland ⁦⁦⁦@anon⁩ https://t.co/2sf3rppzec
retweeted,a pleasure meeting with ambassador obiezu. look forward to working more closely with the nigerian embassy in ireland ⁦⁦⁦@anon⁩ https://t.co/2sf3rppzec
retweeted,a pleasure meeting with ambassador obiezu. look forward to working more closely with the nigerian embassy in ireland ⁦⁦⁦@anon⁩ https://t.co/2sf3rppzec
retweeted,"rt @anon our work started 70 years ago when the international migration conference convened in brussels to help millions of europeans displaced by wwii.
 
iom has since evolved into the leading global organization in the field of migration. here’s our story.

#imd2021 https://t.co/sj0xnvsh4a"
retweeted,"rt @anon “together, we can realize the full potential of human mobility.” 
 
iom director general antónio vitorino’s message on #internationalmigrantsday 2021. 

#imd2021 https://t.co/cfnmdfibac"
retweeted,"rt @anon representing our city at the @anon 20th anniversary. in dublin we can boast almost 97,000 people speaking at least 1 of 65 different foreign languages - that adds to our character and cultural diversity! #iomirl20 #migrationgovernance https://t.co/sckcpp3a62"
quoted,sincere thanks to all especially the iom team in ireland for this successful event https://t.co/aoj8k4sudw
retweeted,"rt @anon ☘️ today is a special day for so many people who have received their irish citizenship. ☘️

welcome to all our new irish citizens. #irishcitizen2021 #saoránachéireannach2021"
retweeted,"rt @anon equality. diversity.  humanity. 

today and every day, #standup4humanrights. https://t.co/wkcty0mosq"
quoted,"delighted to have bread41 joining our raising awareness campaign on human trafficking in ireland.

would like to also thank deaglán ó briain from @anon for his continuous support. 

looking forward to future collaborations 

#anyonetrafficked https://t.co/yqr1ijycru"
quoted,a pleasure meeting with @anon and look forward to working with you and team https://t.co/lbyroyiigq
retweeted,"rt @anon ambassador @anon met ms lalini veerassamy, chief of mission of the united nations migration agency at the international organization for migration in ireland.
#indiandiplomacy @laliniv @iomireland https://t.co/uoshnx2fpd"
retweeted,"rt @anon in partnership with @anon, and as part of the #16days of activism, we are hosting an information session on the protect ii project. 

learn more about our cultural mediators and how the project can benefit survivors of dsgbv.

register 👉  https://t.co/a1i3ji9br1 https://t.co/d0tnkxqvj0"
quoted,"honoured to be part of @anon &amp; to serve, support and empower migrants. #iom70 https://t.co/bzkd0yn4jy"
quoted,congratulating @anon and the @anon for this consultative process. you can count on our full support. https://t.co/nhnwtziguu
retweeted,rt @anon there are people contributing to our communities and country who are living in the shadows. i believe this scheme demonstrates the same goodwill and generosity of spirit that we ask is shown to the countless irish people who left this island to build their lives elsewhere. https://t.co/g44nquinfq
retweeted,"i was delighted to be part of the trinity employability award ceremony. 

as a result of this partnership with @tcddublin, the winning student will have the opportunity to work as intern at @anon 

looking forward to welcoming our new team member. https://t.co/94ayq5uczn"
retweeted,"rt @anon 2 days to go until the #datainnovation4migration🌐 event!

are you ready❓🤩  

check out the program and agenda here: https://t.co/rt8smdjske 

#bd4mberlin21📊
@unmigration @boschstiftung @thegovlab @_africanunion @statafric @eu_sciencehub @eu_commission https://t.co/kqqxo7y98c"
retweeted,"rt @anon every time a woman speaks up about her experience of sexual violence and she’s not believed, the cycle of abuse continues. every time you hear a survivor’s story: 1-listen. 2-believe. 3-support. #orangetheworld https://t.co/p4egzirgxs"
retweeted,"rt @anon huge thanks to @anon and colleagues at @anon for joining @anon ma students in our guest lecture series today. a fascinating discussion on iom's mission, along with invaluable insights into the real-world work of supporting migrants in crisis. https://t.co/hkb8qhafza"
retweeted,"delighted to be part of the seminar series as guest lecturer at @lawgovdcu to talk about iom’s mission and the work we do supporting migrants in crisis. 

special thanks to @anon for the invitation. https://t.co/jsfrp5iecs"
retweeted,"rt @anon we are delighted to be part of the information day with @anon

anneli, from iom brazil addressed the audience about reintegration options for returnees in brazil. #voluntaryreturn https://t.co/lsc44zaanq"
quoted,"delighted to have @anon as part of the #ittakesacommunity campaign. 

this campaign celebrates how people, regardless of where they are born, can contribute to make our communities stronger. https://t.co/vyzsc53fdk"
quoted,"delighted to work with  @anon @anon on the first migration, environment and climate change (mecc) country profile for ireland 🌍🇮🇪 https://t.co/ky8zfduvoo"
retweeted,"rt @anon we need to take action now, to avoid the worst impact of climate change on migration. #cop26 https://t.co/aotumwq7zr"
retweeted,"rt @anon at this year’s #cop26, we reaffirm our commitment to address human mobility linked to climate change. https://t.co/rd284aqvnm"
quoted,"the instrumentalization of migrants and refugees to achieve political ends is deplorable and must stop.

ensuring the humane treatment of migrants and refugees must be prioritized. https://t.co/a1qprmaitr"
quoted,we must listen -we must act- and we must choose wisely. #cop26 https://t.co/kuv0ywmszz
quoted,we must take #climateaction to avert displacement of the most vulnerable populations. https://t.co/5irlx6qzvg
quoted,wishing everyone a very #happydiwali https://t.co/p75oafpp3n
retweeted,rt @anon comhghairdeas! ☘️#irishcitizen2021☘️ https://t.co/qtkyg3vnid
retweeted,"rt @anon ""racism must be opposed by all means that humanity has at its disposal.""

sunday's #mandeladay provides us an opportunity to learn from madiba's legacy - to take action and inspire change. 

#fightracism https://t.co/efgdi6lc3f"
retweeted,"rt @anon nina and ivan married over 50 years ago and lived a good life in eastern ukraine with their two sons.  

their lives changed radically when conflict broke out in 2014. 

this is their story. https://t.co/swxdehxv8i"
retweeted,rt @anon @anon @un_news_centre @un @anon @anon @anon @anon @anon @anon @anon @anonroamer a great soul with a great spirit and incredible empathy towards people! https://t.co/ydwt3mhygn
replied_to,@anon @un_news_centre @un @anon @anon @anon @anon @anon @anon @anon @anon a great soul with a great spirit and incredible empathy towards people! https://t.co/ydwt3mhygn
retweeted,"rt @anon it is with a heavy heart that i learned today of the passing of my respected predecessor, william lacy swing, in kuala lumpur.

on behalf of iom, i offer my sincere condolences to his family, particularly his wife yuen, his son brian and his daughter gabrielle. https://t.co/jc762tsaw3"
quoted,"proud to partner with @anon and @anon to develop the first migration, environment and climate change profile of ireland. 

#worldenvironmentday https://t.co/tz0rrh2f1w"
quoted,"let’s stand up for migrants – no matter who they are or whom they love.

#idahobit https://t.co/dswbdfvm9m"
retweeted,rt @anon lgbtiq+ rights are human rights too. https://t.co/uqivkhvmsu
retweeted,"rt @anon as part of the world migration &amp; displacement symposium, our chief of mission, @anon was honoured to present the global migration media academy, an initiative co-funded by @irish_aid and iom, that aims to tackle misinformation and disinformation on migration.

 #hdsrsymposium https://t.co/a4agipcfvy"
retweeted,"i was delighted to be part of the #hdsrsymposium to discuss how to fight disinformation and misinformation on migration with @usaforiom, @unrefugeeagency &amp; @anon https://t.co/tir6es3x0p"
quoted,"looking forward to taking part of this important event. 

join us to talk about disinformation on migration #hdsrsymposium https://t.co/73dkrqlapt"
quoted,"i am delighted to join @anon on this masterclass series. 

please join us today at 6pm https://t.co/xe1urrvltp"
quoted,"we are proud to launch iom ireland’s country strategy.

this represents an opportunity for iom to support the government of ireland to accelerate their progress towards the sdgs and assist with the implementation of the global compact of migration https://t.co/xaoofnnfrb"
quoted,we are proud to be part of the @anon festival that promotes learning for all. https://t.co/5irqkxjjpb
retweeted,"rt @anon remember syria 💔
#syria10 https://t.co/iis2tl0qht"
quoted,"special thanks to cllr. yemi adenuga @anon for collaborating with us in this inspiring initiative. 

we are delighted to have you celebrating with us our 20th anniversary in ireland, marking #iwd2021 https://t.co/xzg37ywhfw"
quoted,thank you @anon for collaborating with us in this project to mark #internationalwomensday your message is truly inspiring. https://t.co/vrhhxrcz6m
quoted,please join us tomorrow on this very exciting panel discussion to mark #internationalwomansday https://t.co/afq1nvz98q
replied_to,@anon @anon sincere condolences to dr holohan
quoted,"i was honored to introduce iom’s presentation on immigration and border management solutions to the @anon 

we are delighted to present an overview of the work that we do. https://t.co/ule4kdpror"
retweeted,rt @anon iom calls on countries to ensure migrants have equitable access to covid-19 vaccines. https://t.co/seririzcix
retweeted,"rt @un ""gender equality is possible. we must make it happen. together.""

the new year provides an opportunity for greater efforts to achieve gender equality, says @antonioguterres.

more on his 2021 priorities, including #covid19 and #climateaction: https://t.co/rxxhmrqosl https://t.co/a0hekusy89"
quoted,"it was my pleasure to join @anon as guest speaker. 

special thanks to @anon for the invitation! https://t.co/mttc8uea9k"
retweeted,"rt @anon congratulations to our high-profile supporter jess murphy and the team @anon on their #michelingreenstar for promoting and supporting sustainable practices. the un @sdgoals promote food security, sustainable agriculture and well being for all https://t.co/vdol7iqmoc"
replied_to,@anon wishing you a swift recovery!
quoted,"i would like to thank @anon and @anon for joining us in this very needed initiative. 

the global migration media academy will champion future generations of journalists to tell stories around migration accurately. https://t.co/furq7iduwd"
quoted,"we are proud to launch the global migration media academy on international #migrantsday 

effectively addressing migration, globalization and diversity remains a challenge for governments and citizens around the world. https://t.co/zeye3dct87"
quoted,"i would like to thank @anon @anon for joining us on this important initiative.

looking forward to the panel discussion on integration issues tomorrow at 6:30pm https://t.co/69h20ezg4h"
quoted,"tomorrow we celebrate #internantionalmigrantsday to mark the occasion, we will premiere  two powerful films as part of the @anon 

the films represent the latest efforts from iom in ireland to focus on the positive contribution of migrants to irish society. please join us. https://t.co/1vhvfcmrho"
quoted,"tomorrow we celebrate #internantionalmigrantsday to mark the occasion, we will premiere  two powerful films as part of the @anon 

the films represent the latest efforts from iom in ireland to focus on the positive contribution of migrants to irish society. please join us. https://t.co/1vhvfcmrho"
quoted,"tomorrow we celebrate #internantionalmigrantsday to mark the occasion, we will premiere  two powerful films as part of the @anon 

the films represent the latest efforts from iom in ireland to focus on the positive contribution of migrants to irish society. please join us. https://t.co/1vhvfcmrho"
retweeted,"rt @anon as we continue with our 'anyone'  anti-trafficking campaign, @anon  with us how adequate training in the hospitality and services sectors is key to raise awareness and help to protect children from exploitation.

#knowthesigns #humantrafficking #humantraffickingawareness https://t.co/zjimjqybm0"
retweeted,rt @anon earlier this week i met some of the 160 syrians who have just arrived in ireland under the irish refugee protection programme. they were due to travel from lebanon and jordan in the early summer but the whole programme was put on hold because of covid-19. https://t.co/xpnap6dczg
quoted,thank you minister @anon  and walterley junior for celebrating with us #woldchildrensday https://t.co/8xuwq7zy82
quoted,"we are delighted to join @anon to celebrate #woldchildrensday 

thanks to minister @anon and jesse onolememen for being part of this important day. #kidstakeover https://t.co/s35kebwvec"
retweeted,rt @anon we will be bringing our @anon #citizenship bill back before the #seanad on 2 december #bornherebelonghere @anonyouth  https://t.co/smoq6athhm
retweeted,"rt @anon ❗drammatico naufragio al largo della libia causa la morte di oltre 70 persone:

https://t.co/qwccnambuy https://t.co/alcoihmgnm"
retweeted,rt @anon iom ireland and @anon have joined efforts to create the anyone campaign to raise awareness of human trafficking.  u.s. ambassador-at-large @johnrichmond1 shares his insights and thoughts with us. #humantraffickingawareness #endslavery https://t.co/upru6z6ntl
quoted,we are delighted to launch our report on ireland’s policy measures in response to covid-19.                   full report available 👉https://t.co/su5xcntmih https://t.co/otscrzdsyf
quoted,delighted to be celebrating #unday. let’s keep working to make a better world for all #un75 https://t.co/eioche3f8b
quoted,"invited as guest speaker by rotary ireland to celebrate the un’s 75th anniversary, talked about the importance of multilateralism in achieving art 1.3 of un charter. in the midst of covid, we should all acknowledge the value of intl’ coop and solidarity.   @anon #un75 @un https://t.co/e4xngrefbn"
retweeted,"rt @anon more than 1.5 million people have been internally displaced by conflict and violence in central sahel, a twentyfold increase since 2018.  

more needs to be done to provide support to those in need: https://t.co/gbbmw5iwpz

#sahelnow https://t.co/mhftga4fmc"
retweeted,it was a great pleasure to meet with minister coveney today. i look forward to our continued collaboration especially in the implementation of the global migration and media academy @simoncoveney @unmigration @irish_aid @dfatirl @leonarddoyle @anon https://t.co/awu1urexrj
quoted,we need to all fight to stop human trafficking. #euantitraffickingday #humantraffickingawareness https://t.co/ypahdouxdo
retweeted,"rt @anon “too often, migrants have become an afterthought for those responding to a crisis or scapegoats to blame for the pandemic. and with global recession, the situation may deteriorate further.”

- @iomchief at #idm2020 https://t.co/agferknfp3"
retweeted,"rt @anon as we approach #euantitraffickingday on sunday, we are taking the opportunity to look back at last year when we hosted an event in cork's historic courthouse to honour the legacy of #frederickdouglass with the support of @presidentirl #childtrafficking #humantrafficking https://t.co/ebvluvis3p"
quoted,"razan, you were very inspiring ! glad to have met you today! @anon https://t.co/arvznkojp2"
retweeted,rt @anon great listening to @anon speaking @anon event @anon https://t.co/0kyj8uxakk
quoted,a real testimony read by senator ivana bacik. #humantraffickingawareness  #anyonecampaign #knowthesigns https://t.co/45dn1rdypx
quoted,delighted to be launching our human trafficking campaign this week. everyone should #knowthesigns and work to  #stophumantrafficking https://t.co/bntphfaioy
quoted,it was a pleasure meeting with you @anon and a really looking forward to working together and for migrants across the country. https://t.co/zarlcjbxkt
quoted,it was a pleasure meeting with you @anon and a really looking forward to working together and for migrants across the country. https://t.co/zarlcjbxkt
quoted,looking forward to playing a part supporting @anon confront human trafficking. an exciting campaign is ahead of us! https://t.co/6avpn4s0ti
retweeted,"rt @anon delighted to host this panel of experts who will present on #misinformation, it's impact on vulnerable communities and, importantly, what we can do to address. registrations: https://t.co/jprm5g5z5k #podmisinformation https://t.co/zk2nekp1lf"
retweeted,"rt @anon ¿quieres saber más sobre cómo la desinformación impulsa la estigmatización, la xenofobia y el racismo? 

expertos internacionales hablarán sobre la importancia de los datos. 

🗓️ jueves 23 de julio
⏲️ 10 h (argentina) 

[en inglés]

📍📄regístrese: https://t.co/g8gaws0edh https://t.co/1ikhjk8yda"
quoted,"there looks to be no greater information challenge than the lack of clear, accurate and verified data to the general public. delighted to host an important event, at an important time. https://t.co/vfd1wqtok6"
retweeted,"rt @anon a lot of migrant women leaders have already these qualities, as our personal and professional paths force us to develop, improve and hold them tied to us for the betterment of our society.

#migrantwomenleaders https://t.co/qiedfurbl0"
retweeted,"a great pleasure to meet with lord mayor of dublin @anon this week, where #migration, social inclusion &amp; protection were front and centre. an wonderful bilateral was also held on world gastronomy also - thank you hazel!"
retweeted,very happy to hear of ireland's winning of a seat on the un security council. @dfatirl and @anon have made great efforts and worthy of a place upholding global security and human rights. congratulations to all who worked so hard.
quoted,"despite the global restrictions in organising these sensitive movements, we had the opportunity to welcome these young people today. thanks to brilliant staff efforts and great coordination. 👏 https://t.co/sxtdcokym7"
quoted,a wonderful welcome and exchange we had with @anon and @anon. we greatly appreciate a unique insight on the impact of remittances in kenya today. https://t.co/ustnrivkue https://t.co/az8spi8uyd
replied_to,@anon @anon @anon @anon a pleasure clodagh! looking forward to linking again and congrats to you and all the @anon team for an excellent event 👏
replied_to,"hugely interesting webinar featuring @iomchief vitorino with @iiea and @anon . really important &amp; immediate topics, discussed with aplomb. looking forward to seeing the recording again!"
replied_to,"hugely interesting webinar featuring @iomchief vitorino with @iiea and @anon . really important &amp; immediate topics, discussed with aplomb. looking forward to seeing the recording again!"
replied_to,@anon @anon @anon delighted you could be with us caitriona and thank you again for your role in the event!
retweeted,"rt @anon accurate data can shape government policy and support migrant and host communities, our @anon says. 

join our webinar on ""the power of data"" tomorrow at 2pm cet: https://t.co/ljvqjlypn4 https://t.co/nm1vfxfudp"
quoted,the need for real-time accurate and disaggregated data is more important than ever. join us as we examine global responses to #covid19 through a migrant lens. https://t.co/63zveksybk https://t.co/asffr4v6to
retweeted,"rt @anon migrant workers are the unsung heroes of covid-19. 

thank you 🙏 

#labourday https://t.co/9ndkdes7rz"
retweeted,rt @anon we are receiving consistent contact from migrants vulnerable to the effects of #covid19. @anon gives an update on iom ireland's continued support for migrants. @deptjusticeirl https://t.co/igw49rzsmy
retweeted,"rt @anon ireland has today provided €10 million to the un’s central emergency response fund. 

the fund is at the forefront, helping the poorest countries in the world survive the impact of #covid19. 

a global pandemic demands a global response. 

#investinhumanity #abetterworld https://t.co/al6stgnvl5"
retweeted,"to help contain the spread of the #covid19, maintain supply chains, and provide assistance and protection to the most vulnerable people, time is truly of the essence. by @anon https://t.co/16lksriezj"
retweeted,"rt @anon to all migrant workers providing essential care and services during #covid19: thank you ❤️

https://t.co/ue4ftenlaf https://t.co/vhqgg8xnd3"
retweeted,rt @anon it's simple. pick it out and call it out. #misinformation #disinformation #fakenews #coronavirus #factsmatter https://t.co/pri1trjuxg
retweeted,"rt @anon watching @anon's hugely powerful 'cherry wine', it's worth keeping in mind people are at an increased risk of #domesticviolence during #covid19ireland. reach out - @womens_aid or 1800 341 900
https://t.co/5xmb6eyiyu"
replied_to,@anon @anon @anon hearty congratulations michelle and very best wishes with the new role. looking forward to working with you!
retweeted,"rt @anon 'hatred is going viral'... great to see leadership on tackling misinformation... #misinformation that is actively impacting people's health and safety. so very, very well needed. #covid19 https://t.co/oh4t0ddtov"
retweeted,"rt @anon all migrants, regardless of their migratory status, must be included in our response if we are to curb the spread of #covid19. 

only together, we will overcome this global crisis."
quoted,"in an environment of severe threat to public health, access and broad care for vulnerable communities by @anon, @anon and @anon / @anon has to be applauded. https://t.co/hjokc1behz"
retweeted,rt @anon we are hugely grateful for irish emergency services and all frontline staff who keep the public safe. our masterchef com @laliniv earlier dropped down a monster batch of her famous lentil soup for the great staff of @loughlinstwnnas https://t.co/7gywmckwmi
retweeted,"rt @anon women are empowered like never before. the empowerment is built upon decades of courage and struggle of women, to ultimately have the right of choice.' - @laliniv's keynote at today's global women's conference #eachforequal #iwd2020 https://t.co/h7qwqndxfg"
retweeted,"a very enjoyable week! many thanks to @indiainireland's ambassador kumar and charge d'affaires miculet of ireland's newest embassy, @anon where the conversation not only revolved around migration, but also #yoga and the beautiful tradition of #martzishor https://t.co/nrqq74nfa2"
quoted,great to meet with you also kevin. your pedigree in advocating for action on human trafficking is exceptional and look forward to working together! https://t.co/ec4lsgtdie
retweeted,rt @anon 'we have a moral duty to make sure that migration flows are managed humanely'. @anon continues to be an exceptional and greatly valued advocate for #migrants and #refugees. https://t.co/kof4w8xvty
retweeted,"it was both a great honour and a genuine pleasure meeting with @anon and sabina today. not only a passionate and long standing advocate for human rights, but a wonderful representative for ireland. https://t.co/dz8vx0plru"
retweeted,"rt @anon @anon @anon today's theme of events is social cohesion... in every society, in every community, in every network: collaboration and cooperation is paramount to ensure balanced and fair outcomes #cohesion #migrantsday #film #dublin @epicmuseumchq https://t.co/vo9inryomj"
retweeted,"rt @anon today is international #migrantsday.

let us celebrate the rights and human dignity of all migrants, and recognize the generosity of the host communities that have embraced them.

together, we can build a better future for us all: https://t.co/d4xwth80au https://t.co/jjw0ziznxz"
retweeted,"rt @anon celebrating #migrantsday in djibouti with the launch of our first fab lab for young migrants.

innovation, migration &amp; technology under one roof to build social cohesion.

we innovate together. 

#wetogether https://t.co/t3qufguuoe"
retweeted,rt @anon and we're off for ireland's first global migration film festival. nowhere more appropriate than @anon #gmff #migrantsday https://t.co/bkjkma6xxq
quoted,"minister @anon and the irish government @anon have been a wonderful advocates for iom's work. alongside, @anon greatly appreciates ireland's sustained commitment to the #gcm. we look forward to hosting you @anon! https://t.co/k1vetjcbg5"
quoted,thank you @anon. the irish are especially engaged and motivated to talk about migration. already i realise that there is a want to explore and address a subject that is close to many families and one the irish have a unique &amp; historic perspective on. https://t.co/7pqzpar505
retweeted,rt @anon we need proper political discourse on migration - com @anon in conversation with @anon https://t.co/tsh3dgbyas
quoted,many thanks for having me! the discourse around migrants and migration is as important as it ever has been... look forward to contributing further to the conversation. https://t.co/rgyekikooc
quoted,many thanks for having me! the discourse around migrants and migration is as important as it ever has been... look forward to contributing further to the conversation. https://t.co/rgyekikooc
