TweetType,Tweet
retweeted,rt @anon we stand proudly with all in the lgbtq+ community #pride2022 #pride https://t.co/vcuywdwypt
retweeted,"rt @anon an absolute honour today to have @anon
 &amp; @anon take time to visit the @anon permanent exhibition of the #irishflag @gpowithistory where congressman neal unveiled the replica plaque of the irish proclamation as installed inside the washington monument 🇮🇪🇺🇸☘️ https://t.co/ved5fiim6m"
retweeted,rt @anon many thanks to baxtos kebab restaurant (the square) for their kind sponsorship of tops and gear bags for the senior hurlers. pictured below owner baxto omar presenting the team with the new gear. pop in to baxtos and taste the best kebabs in dublin 👌 https://t.co/1mdpkqddpn
quoted,"please watch ireland's forgotten families tonight on virgin media three at 9pm

4 families of sick children share their stories of love, life &amp; loss and the impact of the financial support from our charity partner cliona's

you can pledge your support here
https://t.co/tinzuai6np https://t.co/af3pmt0btk"
quoted,we live in a double standard world. https://t.co/gotxmtuupo
retweeted,"rt @anon this beautiful, kindly, gifted human being is being kept in a turkish prison. her crime? song. she sings the folk songs of her kurdish people. please help and rt. #freenudemdurak https://t.co/hpvpcehi6d"
quoted,delighted to be on ireland am was good fun 🤩 https://t.co/rsyerr7asf
quoted,i was delighted to be part of this today https://t.co/kmpddke6wf
retweeted,"rt @anon 2 days to go! #flagday2022

@anon 
@anon honorary board member
 “irish people have never made me feel like i don’t belong here, and i always say i have kurdish blood and an irish heart.”

#pride #respect #peace #inclusion #comingtogether #ourflagfliesforall #flagday https://t.co/tv0nwr6tol"
retweeted,"rt @anon coming up - @anon and @anon on home retrofit grants, @anon and @anon on racism in ireland, @anonjones84 on boris and keir starmer, @john_fardy on #oscars, @clareslair on self- help books and @stephaniebregan, @steviecummins and @aideenfinnegan on marriage https://t.co/yt3gxg0hcx"
quoted,i also want to thank my friend azad shirazi @anon for sponsoring the leitrim hurling team. if your from leitrim don’t be afraid to try a nice kurdish/persian kebab. @anon https://t.co/qmpjnrjnz3
retweeted,"rt @anon ""i will finally have the feeling of security and belonging.  i am very proud and thankful to be a member of the foundation. it feels empowering to be part of a bigger cause and share common values and goals. it makes me feel part of the change in ireland, i feel like i belong.""🇮🇪 https://t.co/qx3pwl768q"
retweeted,rt @anon sporting heroes support charity cycle to raise €30k for sensory room. @anon #tallaght #racearoundtheworld @anonc26 @djouganglinda @neilfa99 @zakmoradigaa https://t.co/q64txo79ls
retweeted,"rt @anon it's taken me a few days to process the tragic news of the death of my friend and colleague karzan and his lovely family. we are all shocked. he was a lovely, gentle soul and a great entomologist.

we are now working to get them home to be laid to rest: 

https://t.co/sbp302ulgb"
retweeted,"rt @anon please help us to repatriate our friend karzan and his little family to iraq. rest in peace karzan, shahen and lina. 

bring karzan, shahen and baby lina home https://t.co/jlmpk0g5qm"
retweeted,"rt @anon it's tuesday, and we've a great line-up in store for you🙌

joining @anon &amp; @anon this evening are..

🎶dj, songwriter &amp; record producer @markronson 

🎤singer &amp; politician @frances_black 

🏅leitrim hurling star @zakmoradigaa 

6pm on virgin media one | #sixvmtv https://t.co/k9pzqmwchf"
retweeted,"rt @anon im lucky to have been given the opportunity to co host a podcast with dan shanahan, we have had dj carey, @anon, johnny pilkington and the comedic genius @daraobriain i’m still laughing after him. please sign up and listen.
https://t.co/yuhwdsrx0q"
retweeted,"rt @anon sending big kinetic energy to these absolute legends, @anon @anon and mlr ambassador lara gillespie. shooting our kinetic capsule with them was a hard lesson in what it takes to be the best. side note: we need a hurling emoji. 🚴🏼‍♀️🏓  https://t.co/vrfkxr4yvg"
retweeted,"rt @anon leitrim hurlers to display ‘no to racism’ on their jerseys for 2021 fixtures, starting with league game v louth next sunday.

it’s a result of their partnership with migrant rights centre ireland (mrci). jersey launched today at croke park by leitrim hurler zak moradi. #gaa https://t.co/ur6js9hxbj"
retweeted,rt @anon today leitrim hurling team launches their season jersey in partnership with mrci. you can donate to support mrci’s work at https://t.co/japbkaer6v   thanks @officialgaa @gaelicplayers for supporting #notoracism https://t.co/uoamu23xwf
retweeted,rt @anon “we want to raise awareness &amp; create a community that sticks together as a whole with no divides.we're all human &amp; we all deserve a sense of belonging regardless of race. we want the same team spirit of sports: all for one &amp; one for all.” @zakmoradigaa @gaelicplayers @officialgaa https://t.co/ndbffp2ckc
retweeted,"rt @anon racism has no place in our society, communities, workplaces, schools or in sport. mrci is delighted to join forces with @leitrimhurling + @zakmoradigaa. this jersey sends a clear message, raises awareness and shows solidarity with everyone impacted by racism. #notoracism #gaa https://t.co/3qidtaggj1"
retweeted,"rt @anon this week pupils have been asked to get up and get moving. today is a particularly special day in active school week because it's when local heros set challenges for children from their area. @moscannail caught up with @eoinscoil, who were getting active. https://t.co/2njyofnju6"
retweeted,rt @anon thanks to my good pal @anon and the other sport's personalities for taking time out to call into the school in crumlin today for active school week @leitrimgaa @dubgaaofficial https://t.co/lktrsiivl0
retweeted,"rt @anon #lookingback ⏳time is flying this year! 

this time last month our annual class-room supplement 📰 @anon was out featuring essays &amp; 4️⃣ lessons by #htai plus lots more 🙏 #flagday2021 🇮🇪 

check it out here ➡️ https://t.co/629zpbkbao https://t.co/rnoxwj5dgt"
retweeted,"rt @anon guíonn @anon ó @anon breithlá sona ar @anon 🎂

#michaeld80

@anon @anon https://t.co/gpenno4wi9"
retweeted,rt @anon @anon 😉 https://t.co/15vsgqqjcr
retweeted,rt @anon well deserved nomination and brilliant storytelling by both @anon and @anon https://t.co/irlawob1v8
retweeted,"rt @anon must say - ⁦@anon⁩ on a saturday night on @anon is compulsory viewing  

@anon and ⁦@anon⁩ two genuinely 
inspirational individuals telling their incredible stories 

its a privilege and honour to hear their stories 

#tommytiernan https://t.co/afjkjbhrsj"
retweeted,"rt @anon me first born, new gaels has only gone &amp; got itself nominated for an #rtsireland award. didn't think we could be any prouder of it or of @zakmoradigaa @boidusayeh @akram_s7 jeannine&amp;the crew but wow &amp; in great company too! #irishtalent #poolbegproductions #rtesport #firstrodeo https://t.co/gdb6w28qtg"
quoted,#rtsireland #poolbegproductions #rte https://t.co/lwcsaqj4rb
retweeted,"rt @anon as thousands of students are welcomed back to schools today, our yellow flag asks series continues with gaa celebrity @anonmoradigaa zak reminds us of the importance of children actively researching and presenting other cultures than their own in schools @officialgaa @itmtrav https://t.co/pqbcg0uucf"
retweeted,"rt @anon 📢 5 days to go 🕕 to #flagday2021  on the eve of st. patrick's day 16th march!🇮🇪

free inside tomorrow's @anon our @anon supplement with 4️⃣ lesson plans devised by the @htaiteachers plus lots more, sure to be a great read📰!  🙏 @storylabirl #historymatters #tg4 https://t.co/lr2xdj44xd"
retweeted,"rt @anon that’s a wrap 🎥 final d&amp;i webinar for the series @anon . the voices of the inspiring joanne o’riordan @anon, the fabulous &amp; talented sarah mulkerrins @sarahmulkerrins laochra gaa players @valeriemulcahy &amp; @zakmoradigaa, grma #diversityandinclusion #gaabelong https://t.co/n1zuwrna3e"
retweeted,"rt @anon next up for 5th years #cbwellbeing  @anon who speaks with passion about playing @anon for leitrim having arrived in ireland as a refugee. great advice to students about working hard, saving money for the future. thank you @shaunascanlon10 for organising. https://t.co/pezif4cpk6"
retweeted,"rt @anon 5th years having two inspirational stories told to them today from @anon and @anon some amazing  messages, advice and life lessons to take from today!!💛💛#cbwellbeing #strongertogether @colaistebride https://t.co/hecba4xo0h"
retweeted,"rt @anon delighted to introduce this guest speaker to @anon. zak moradi, a journey packed full of resilience! event is available to all 5th year students tuesday 2nd of march...not to be missed #cbwellbeing. https://t.co/px5tuqqyu2"
retweeted,"rt @anon have a listen to this leitrim sports enthusiast!
@anon #keepwell #irelandreads #squeezeinaread #leitrim
@anongaa 
@leitrimgaa https://t.co/uk6pyjuo5l"
retweeted,rt @anon thanks so much to @anon from @anon @anon &amp; his friend mark for sending these clips from their ot virtual 5k &amp; congrats on doing it in just over 23 minutes! 🙌 keep sharing &amp; emailing your clips to otvirtual5k@gmail.com #wearred #operationtransformation ❣️😃 https://t.co/jjukujwqzy
replied_to,@anon hi @anon thank you for your support
replied_to,@anon thank you @anon
replied_to,@anon thank you @anon
replied_to,stephanie roche and maria walsh. please see our website for our honorary board.
quoted,"i am delighted to be asked to be part of the board of trustees for the thomas francis meagher foundation.  honorary board members include cora staunton, packie bonner, canadian ambassador kevin vickers, us congressman joe kennedy, niamh briggs, henry shefflin, sanita puspure, https://t.co/dm0bclsxaj"
retweeted,"rt @anon listening back here👉📻https://t.co/37xdosv6pt to packie bonner our @anon honorary board member speak about #flagday2021 &amp; the story behind our country's flag, it's meaning for peace #inclusion, encouraging our schools to #flyourflag on 16th march #awareness @hist_matters https://t.co/em9kgr2njk"
retweeted,"rt @anon please retweet🚨
here is project open opportunity which includes 
paid internships 🎙
apprenticeships🎥
talent days 📸
outreach programs 📡
work experience opportunities 🖥
+more
here is the link to the scheme 👇

https://t.co/a0uautq868

help build the future of the irish media https://t.co/vfcd3zkzq8"
retweeted,"rt @anon last 2miles of 50 for  @anon and @anon 
we are a  group of leitrim supporters running, walking or soloing 50 miles in january.

read more here https://t.co/1em5djvx41

forward this message to your contacts to help this campaign reach its goal! https://t.co/cdunzcfpgu"
replied_to,https://t.co/eibhuk0igy
replied_to,"48/50m completed. 
took richie doran around the top end of tallaght by the home of thomas davis gaa club. robbie crilly is giving me a fiver for every mile run. delighted to be involved with this and very proud of everyone taking part. @anon abu https://t.co/w9emeyznzt"
retweeted,"rt @anon ""life begins in leitrim, that’s the county motto.""

@anon shares his journey from ramadi to leitrim with @anon. 

watch back the #tommytiernanshow now on @anonplayer @anonone

https://t.co/az2h4k8owv"
retweeted,"rt @anon caught up with the @anon interview with @anon a story of heart,warmth and determination.@anon has always been a welcoming,passionate close knit community.this should be the same experience for all who have chosen to join us. we are privileged you are here. https://t.co/1wphjruyhk"
retweeted,rt @anon such a brilliant interview  @anon .. straight from the heart. super proud and lucky to have you in ireland https://t.co/oyhjjjkqne
retweeted,"rt @anon watch | the full interview with zak moradi, the iraq-born leitrim hurler with the most incredible life story ⬇️

https://t.co/r8v2yp97zo"
retweeted,"rt @anon people complain about the #gaa, but it played a huge part in integrating zak moradi into his new irish life. would make you proud. #tommytiernan"
retweeted,"rt @anon zak moradi,what a journey,what a story, great interview.
#tommytiernanshow"
retweeted,"rt @anon tommy tiernan show viewers were in awe of zak moradi.
https://t.co/0u4qkdeczu"
retweeted,"rt @anon it was great 👏
https://t.co/iaquywqamv"
retweeted,"rt @anon great interview.

https://t.co/iaquyw8zux"
retweeted,rt @anon people fall in love with leitrim hurler zak moradi as he tells his incredible story on tommy tiernan show https://t.co/llu8xjt6oe
retweeted,"rt @anon an amazing story and an amazing interview

https://t.co/ymynfgl16y"
retweeted,"rt @anon a fine demonstration from leitrim hurler zak moradi, originally from iraq, that it is possible for someone to come to ireland, show the irish people respect and get respect in return. it's a breath of fresh air from the usual manipulative victim narrative that gets spun on rte. https://t.co/eqwxf3ycte"
retweeted,rt @anon non-depressing story for once on kurds: people were falling in love with leitrim hurler zak moradi after he told his incredible story on the tommy tiernan show tonigh  https://t.co/fdvjgkvbcy
retweeted,"rt @anon viewers full of admiration for leitrim hurler zak moradi after interview on tommy tiernan show: in 2002, 11-year-old zak moradi moved to carrick-on-shannon after his family fled saddam hussein's dictatorship in iraq. https://t.co/qb4q5zrmor"
retweeted,"rt @anon did you see the great interviews with leitrim hurler zak moradi and senator eileen flynn on @anon on sat?

both have shared experiences of racism in @anon #allagainstracism campaign https://t.co/pjeq060ff3

watch #tommytiernanshow on @rteone player 
https://t.co/z5e4nfy2hr https://t.co/e8uwyemgxk"
retweeted,"rt @anon ramadi, iraq ➡️ leitrim, ireland. 

listen as @anon shares his journey with @anon.

 #withrefugees
https://t.co/kc0kbtbpku"
retweeted,"rt @anon life begins in leitrim, that’s the county motto."" @anon brilliant interview! https://t.co/hnbmhhunw4"
retweeted,"rt @anon ""life begins in leitrim, that’s the county motto.""

@anon shares his journey from ramadi to leitrim with @anon

#tommytiernanshow https://t.co/f6ufkqruqw"
retweeted,"rt @anon great to see @anon on #tommytiernan 

i coached him as a young boy and he was a pleasure then and still to this day  he’s a fine young man

well done zak."
retweeted,rt @anon absolutely mighty interview with @anon you could listen to him for hours. he seems like a top class fella. i love the way he talks so passionately about the @officialgaa #tommytiernanshow https://t.co/41k1dfaeix
retweeted,rt @anon 🤩 https://t.co/a4ig8okfe6
retweeted,rt @anon what an incredible irish man  #tommytiernan https://t.co/rh08ciawhm
retweeted,rt @anon great interview with @anon on the tommy tiernan show tonight https://t.co/n1lklvlmjl
retweeted,"rt @anon leitrim hurler @anon is next up to chat to @anon

#tommytiernanshow https://t.co/gcb8ippadu"
retweeted,rt @anon one of our own as we say in leitrim- ok i’m only half leitrim (the best half 🤔) - proud as punch that i am tonight - we’ll get to the all ireland yet with @zakmoradigaa - loved that interview @tommedian #asitshouldbe https://t.co/etsbynktbz
retweeted,"rt @anon ah man, @anon is one of the best. the craic you’d have with this fella. 
#tommytiernanshow
https://t.co/t6qaopoybh https://t.co/ubfaveyzkg"
retweeted,rt @anon well done to @anon past pupil for telling your story on  #tommytiernanshow. great job 👏🏻👏🏻 https://t.co/pucf5wh0xt
retweeted,"rt @anon well done zak @anon . you were brilliant on @anon #thetommytiernanshow @anon 
@anon
#stmaryskiltoghert
💚💛💚💛 https://t.co/aggoejfoow"
retweeted,"rt @anon compulsory saturday night viewing again with @anon on @anon. what a compelling an emotional interview with @anona -
@tomasdaibhis or @leitrimgaa will ye supply him with a pair of socks 🧦 it's bloody freezing ❄❄ #tommytiernan https://t.co/ghtkbjmnpf"
retweeted,rt @anon what a wonderfully positive fella. great interview there with zak moradi #tommytiernanshow
retweeted,"rt @anon a really great interview there on the #tommytiernanshow with zak moradi. what an incredible story, zak is a wonderful character. 

also, very proud of how he describes his experience with hurling, that's what the #gaafamily all about. fair play zak and tommy 👏🏻👏🏻👏🏻"
retweeted,"rt @anon brilliant interview @anon on the show tonight with zak moradi. what a really lovely guy zak is,as are you tommy btw😁🥰 all round great show again tonight 👌"
retweeted,"rt @anon great stuff again by #tommytiernan 
brilliant, engaging interview with zak moradi tonight. https://t.co/k43b1z24qf"
retweeted,rt @anon zak moradi 💚
retweeted,"rt @anon love @anon, a fantastic fella, great to see him on the telly sharing his story. #tommytiernanshow 
#zakmoradi https://t.co/xtnwxafd0b"
retweeted,rt @anon zak moradi seems like a top bloke every time he’s on telly. a great role model #tommytiernanshow
retweeted,"rt @anon zak moradi, mary coughlan and senator eileen flynn helped #tommytiernanshow entertain thousands yet again https://t.co/zgle7merq7"
retweeted,"rt @anon zak moradi is on the #tommytiernanshow tonight - incredible story, from growing up in a refugee camp in iraq to hurling for leitrim, brilliant chat with @molloyjoe on @offtheball here | https://t.co/iakjztgnce"
retweeted,"rt @anon zak moradi, the leitrim senior hurler, born in iraq has been absolutely brilliant on the tommy tiernan show tonight.👏👏

his story sums up the gaa and it’s mantra - where we all belong... https://t.co/i0rpe5aylv"
retweeted,rt @anon zak moradi is so engaging and great to hear his story. lovely interview. #tommytiernan
retweeted,"rt @anon two top, top lads on rte one right now - zak moradi and tommy tiernan! like two lads chatting over a pint at the bar! 
what a story by the leitrim hurler #tommytiernanshow"
retweeted,"rt @gaa__joe feels only right to remind the nation of zak moradi's hurling prowess after that #tommytiernanshow appearance 🙌 
https://t.co/gdinq84w96"
retweeted,"rt @anon listening to zak moradi on the #tommytiernanshow. his parents spent 22 years in refugee camps before relocating to leitrim. hearing him speak about how the local people welcomed them and helped them out is exactly how it should be. that is how it should be, not direct provision."
retweeted,"rt @anon zak moradi some man. kurdistan to tallaght via leitrim. none of them considered a traditional hurling stronghold, but zak is hurling mad and currently driving the game in tallaght. #tommytiernan"
retweeted,"rt @michael_dunne_2 this was a brilliant watch! great story, great humour and a genuine lad. fair play @anon https://t.co/hu62kjncfl"
retweeted,"rt @anon what an incredibly nice lad @anon came across as on  #tommytiernanshow.  ireland needs more people like zak and we are a better, richer society for having him and his family here. just brilliant."
retweeted,rt @anon brilliant tommy tiernan show again this week. three wonderful guests @anon @anon &amp; senator eileen flynn. fair play to @kate_odwyer &amp; everyone involved in booking! a tonic! #tommytiernanshow
retweeted,"rt @anon ❤️ zak. what a lovely lad. god bless his parents. fair play to his teachers in #leitrim &amp; #tallaght. and it's lovely to hear how the #gaa made him feel so welcome. mind you, zak has more than paid them back! 👏 @zakmoradigaa 🟢🟡 https://t.co/bhs0asnrvu"
replied_to,@anon ##skynews #kurdistan #football #mesutozil #footballnews #freedomofspeech
replied_to,this in response to @anon .//@anon @anon @anon @anon @anon @anon @anon
replied_to,this in response to @anon .//@anon @anon @anon @anon @anon @anon @anon
retweeted,"rt @anon we started our 50 mile for #leitrimgaa tonight, it was a wet night in ferrybank but worth it! @anon  @anon @anonrimgaa @anonrimdevco https://t.co/jqsh2nfsrd"
retweeted,another 4.7 miles done today 16/50 miles. @anon https://t.co/trirbkyn6b
retweeted,"rt @anon children are the mirror of their parents. they reflect who they are. parents are their models and they will copy them. be the model that teaches love &amp; respect. be careful of what you say to them &amp; start the change from within you.
well done @zakmoradigaa
ps. love your accent :) https://t.co/yvtx6aeupz"
replied_to,https://t.co/5qi00tkxh4
replied_to,https://t.co/5qi00tkxh4
replied_to,https://t.co/5qi00tkxh4
replied_to,"i'm running 50 miles in january for the great people in @anon. all money raised will support the hurling squads plus men's and ladies football teams.thank you for all your support in advance!
https://t.co/w9emeyznzt"
retweeted,rt @anon we came away with some extremely valuable insights at our #imd2020 webinar for our flogas &amp; dcc staff @anon @anonraghose @zakmoradigaa aaron oyiki @clanngaa  @rorybest2 &amp; @teammckillop and @irishsheds #flogasfuturefocused #thrivinginapandemic https://t.co/tfszynryyk
replied_to,@anon @anon @anon @anon @anon @anon @anon @anon thank you
retweeted,"rt @anon thanks to @anon for inviting shedders @anon to its #internationalmensday webinar today with @anon @darraghose, @zakmoradigaa, aaron oyiki @clanngaa  @rorybest2 &amp; @teammckillop #menshealth #mensmentalhealth https://t.co/1htvvsc1ld"
retweeted,"rt @anon another fantastic member of the gaa family helping us with our petition for change, thank you @anon #zerotolerance #notoracism #noplaceinsport https://t.co/lh0xmbnflt"
retweeted,"rt @anon “the one thing about the gaa is that it doesn’t matter where you’re from…it doesn’t matter whether you’re black or brown.” @leitrimgaa
 hurler, zak moradi, shared his story ahead of tomorrow's #gaa national inclusive fitness day - https://t.co/mh9pj15opz . #gaabelong #beactive https://t.co/7hj56d42ci"
retweeted,@anon @anon @anon @anon @anon @anon @anon @anon thank you
retweeted,"rt @anon really powerful piece just now on  @anon with @anon

hopefully available as a podcast to listen back.

#speakup campaign https://t.co/xsegbyuttd"
retweeted,rt @anon google reminds me that this day last year we met @anon and what a laugh we had. i miss the in person podcasts. https://t.co/i8gwsn7bxr
retweeted,"rt @anon rte 1 now becoming irish. good man zak.
@anon @anon"
retweeted,"rt @anon my first piece with @anon  

""the world has a lot to learn from the irish model of integrating into society wherever we go, while still retaining the richness of our culture and welcoming others who wish to embrace it.""

https://t.co/dufjhtvgpc"
retweeted,"rt @anon @anon watching becoming irish over here in oxford, uk and i’m just spellbound. your story is captivating, inspirational and joyous. and jaysis, you’re waaay better looking than the rest of the lads in leitrim ;-)"
retweeted,rt @anon brilliant interview by @anon with @anon in today’s @anon https://t.co/kak0xhjsdo
retweeted,"rt @anon #newgaels @anon ""i'm the only culchie on the team!"" up leitrim! you're a credit to your club, county and country! well done to all the participants in the prog. 👏👏👏"
retweeted,rt @anon @anon just watched you on new gaels and remember how delighted i was when leitrim won the meagher cup last year. my oul boy is from annaduff. we had a family reunion in carrick last november and talked to some locals who were still delighted.
retweeted,rt @anon last year the gaa launched a manifesto which was summed up by the statement ‘gaa – where we all belong’. those words are made flesh by an excellent @rte documentary due to air this thursday on rte1 at 10.15pm. #gaabelong #gaa #newgaels
retweeted,"rt @anon match day -1. what a journey what a gang @anon @anon @anon jeannine. massive shout out to @anon kieran horgan, ronan fox @maireadmcivor for your ehh... patience :-)...&amp;salmon @jbrennansound. #rookie #poolbegproductions #poolbeg+1 #1stofmanyihope #newgaels https://t.co/ewnv31yvag"
retweeted,"rt @anon @anon hurler @anon @anon's @anon @anon's @anon &amp; jeannine o'brien who plays with @anongaa #gfm&amp;os team  will feature in a doc #newgaels on @rteone tomorrow at 10.15. read more here: 
 https://t.co/xvxn8klvab via @sportforbusines"
retweeted,"rt @anon be sure to catch some of our inter-county members in the upcoming @anon documentary “new gaels”.

thursday, 10th of september, 10.15pm on @rteone.

@boidusayeh
@zakmoradigaa
@akram_s7 

📺 https://t.co/djm5jkdks3 https://t.co/eabvjvvcgn"
retweeted,"rt @anon check out the gaa newsletter for august featuring our very own @anon . 

https://t.co/shsbzvapdj"
retweeted,rt @anon good man @anon 👏 https://t.co/40dds8z5p8
retweeted,"rt @anon “the one thing about the gaa is that it doesn’t matter where you’re from…it doesn’t matter whether you’re black or brown.” @leitrimgaa hurler, zak moradi, shares his story ahead of gaa national inclusion fitness day - https://t.co/lzpnebdymi - on september 23. #gaa #gaabelong https://t.co/w8wecp5lon"
retweeted,rt @anon no horsing around in yesterday's junior hurling match as makwan moradi clears his lines🐴🟢🟡 https://t.co/rx4bho0zqz
retweeted,"rt @anon @anon @anon you come for zak, you come for all of leitrim!"
retweeted,"rt @anon while we'll have to wait and see if galway will make it to croker later in the year, it was great to be there today to help launch @officialgaa national inclusive fitness day next month. one small step towards more diverse and inclusive clubs and communities around the country. https://t.co/b62tfpqbsw"
retweeted,"rt @anon @anon, who was an inspiration to me  &amp; my students/staff when he visited. he shares his experiences about learning english in the early days of moving here. now, he plays for @leitrimhurling !  https://t.co/puk4a9cf83"
retweeted,rt @anon @anon talks about moving to ireland and learning english. he now plays hurling for @anon. what an inspiration he is to me and to kurds around the world! https://t.co/gkgmtmtkcw
retweeted,rt @anon about @anon visit to my school. https://t.co/f01nszrdmm
quoted,#turkeyinvadeskurdistan https://t.co/oe2a1mofbg
retweeted,rt @anon @anon  an irish-kurd https://t.co/gbibf5zxmo
retweeted,"rt @anon life as we know it can all change in one day. 

@anon talks about the day his life changed. 

#wrd2020 #worldrefugeeday2020 #everyonecounts #withrefugees #refugeeswelcome 
@lyeoguns https://t.co/hnyjvbpmvk"
retweeted,"rt @anon rté | because ... we stand together.

becoming irish | available on demand via @anonplayer
https://t.co/pxoi5xphft

#publicmediamatters https://t.co/51c3cyvm69"
retweeted,"rt @anon a big thank you to leitrim hurler @anon for his support of our fundraiser for st. patrick's hospital 👌
https://t.co/hzq0uahzxp https://t.co/ykwwixtssn"
retweeted,rt @anon leitrim hurler appears in new rté documentary 'becoming irish': last night rté aired a new documentary called 'becoming irish' which featured leitrim hurler zak moradi. https://t.co/t1q23loeg2
retweeted,rt @anon just got a chance to watch #becomingirish on rté earlier. @anon’s story was very inspiring and it shows the beauty of the gaa. well worth a watch.
retweeted,#turkeyinvadeskurdistan https://t.co/oe2a1mofbg
retweeted,"rt @anon leitrim hurler and #lorymeaghercup winner @anon joined @anon and @anon to talk war-torn iraq, croke park days, and much more. zak features in the #becomingirish documentary now streaming on the @rteplayer

https://t.co/egsx31hdry"
retweeted,rt @anon @anon more of an understanding about being irish than most who were born to be it. hope you get the little book soon zak 👍🏻
retweeted,"rt @anon check out the rtes new documentary featuring our own zak moradi. available on the rte player 

https://t.co/2htjmrpdtv https://t.co/llfvajrvjx"
retweeted,"rt @anon @anon just watched becoming irish by @anon.  well done zak, it was such an interesting watch, and i truly hope you get your much deserved irish passport soon."
retweeted,"rt @anon gaa, where we all belong. we are all in this together. share your good news stories with us, and how you, your club, and your community are rallying together to play your part! tweet using #gaabelong and tag your county below! @gaelicplayers @womensgpa #covid19 https://t.co/cuxwjnwwwm"
retweeted,rt @anon 👇 a really interesting guy. thoroughly enjoyed listening to @anon and his background and insights into the middle east as well as his personal story. https://t.co/jlurfy6gey
replied_to,@anon @anon @anon thanks for having me.
retweeted,rt @anon a big thank you to @anon from @anon and @anon for coming into our school and delivering a very interesting talk to our students for international week. https://t.co/qlwkxj8gep
retweeted,"rt @anon hurler @anon on #becomingirish: ""it's looking good so far"" @anon https://t.co/llu4hedea6"
retweeted,@anon @anon @anon thanks for having me.
retweeted,rt @anon it was a good weekend for the @anon hurlers. they were awarded with their 2019 lory meagher cup medals on the same day they defeated cavan in division 3b of the allianz hurling league #gaa
retweeted,rt @anon lovely photo @anon https://t.co/eio9lu5sga
retweeted,"rt @anon “that night i was born, there was bombs going on at the same time”. - zak moradi tells off the ball about his incredible journey from hussein-controlled iraq to lory meaghar cup glory.

you can hear zak's full interview on otb gold at 6pm today.

https://t.co/87kyn0sxhq"
retweeted,rt @anon nothing like a latte and a chat with iraqi born leitrim hurler zak moradi. https://t.co/s2a1ydvq0y
retweeted,rt @anon congratulations to @anon on winning the club of the year award at last nights @anon sports awards #echosportsawards https://t.co/rbjyf2ef43
retweeted,"rt @anon it’s not a #blackfridaysale, but if you buy this amazing t-shirt with artwork by @anon all proceeds go to the kurdish red cross. maybe checkout the podcasts with @zakmoradigaa and @joshmolloy101 #riseup4rojava 
https://t.co/5t9bz1cfdo"
retweeted,rt @anon “turkey is doing ethnic cleansing. trying to push the kurdish people out of their homes. i’m not political. but i’m a kurd. and i will speak up for the kurdish people. there is 40 million of us around the world.” @zakmoradigaa #rojava #kurdistan https://t.co/2cgue7ocq0
retweeted,"rt @anon “the west sells weapons to turkey. turkey uses those weapons against the kurds. the kurds are then forced to flee to the west. then the west complains, ‘why are you coming here?’” —@zakmoradigaa #rojava #kurdistan"
retweeted,"rt @anon absolutely brilliant summary of the situation in kurdistan by zak moradi!
his story and experiences in leitrim and dublin, show us the the importance and benefits to our society as a whole of really welcoming asylum seekers! https://t.co/iqa0babcpl"
quoted,hi @anon  is this the video you are looking for? https://t.co/qqsgz6proj
retweeted,rt @anon leitrim is lucky to have @anon 🙌🏻👏🏻👏🏻 https://t.co/rkzxgtqmxv
retweeted,"rt @anon the more i see of him, the more i’m convinced zak could be a fantastic politican and exactly what we need. i’d 100% vote for @zakmoradigaa"
retweeted,rt @anon met and interviewed @anon recently. he’s fantastic. we can all #riseupforrojava https://t.co/w1s1e19lhd
retweeted,"rt @anon ""that's the way he had everybody brainwashed.""

leitrim hurler zak moradi speaking about life under saddam heussein's regime in iraq.

read zak's story here: https://t.co/3kuehsukyf

@leitrimgaa  @zakmoradigaa https://t.co/gxq58b6dsx"
retweeted,"rt @anon ""my dad ran on to the pitch with a hurl and grabbed your man off me""

leitrim hurler zak moradi remembering his late father initiating a brawl at a club hurling match.

read zak's story here: https://t.co/o1fhqyxj8e

@zakmoradigaa  @tomasdaibhis  @dubs_gaa https://t.co/rll0rybp8z"
retweeted,"rt @anon the heartwarming story of zak moradi: in hurling, i belong https://t.co/fehrjakhdx"
retweeted,rt @anon great article @anon 👌😎👌 https://t.co/4rdsu1qp4j
retweeted,rt @anon brilliant insight into the life of @anon 👏🏻 https://t.co/k3ct0b3sy7
retweeted,rt @anon a incredibly timely piece from kurd-irish @anon #kurdistan #twitterkurds https://t.co/ruik8qbpyw
retweeted,rt @anon great article 👏 that hurling match with your auld lad was some craic @anon 🤣 https://t.co/dkzrgjismk
retweeted,"rt @anon zak moradi is an successful kurdistani-irish hurler who plays as a left corner-forward for the leitrim senior team. @zakmoradigaa @sportschronicle

https://t.co/cpizwv2kqb https://t.co/hlj544sf10"
retweeted,rt @anon in incredibly timely piece from @anon - a must read for everyone in leitrim and beyond highlighting why we must open our doors to those most in need regardless where from they hail https://t.co/s43ki06hef
retweeted,"rt @anon @anon @anon @anon it’s a lovely piece. and yeah, i had these questions about “integration” lined up. @zakmoradigaa came in and was just so brilliant that i just loved every minute of it."
retweeted,rt @anon @anon @anon @anon @anon nothing better than interviewing someone who doesn't need to be asked the questions you've lined up! he came across as everyone's best mate!
retweeted,rt @anon delighted to get to meet @anon and get his autograph @anon  yesterday..v proud leitrim mammy here..@anonmgaa @learningloads https://t.co/fa1gda0pxm
retweeted,rt @anon genuine question but have we given @anon leitrimpersonoftheyear yet? he’s going around the country talking about his life but also representing our little county and it’s a privilege to watch. @leitrimcoco @leitrimdevco @leitrimgaa
retweeted,rt @anon new pod with zak moradi. get on it. #tuesdaythoughts #turkey #riseup4rojava and hurling. https://t.co/lg4ch8fvc0
retweeted,rt @anon it was a pleasure meeting @anon in @anon . he spoke very well about himself as part of our human rights month. he also had plenty to say about a few of our very own in @stvincentsgaa1 @kiernanshane123 keith connolly and @liamburnsacca https://t.co/zkisl7itvq
retweeted,rt @anon loved having @anon in school @anon today. kids were intrigued by his amazing lift story. zak was so generous with his time and i know his love for the #gaa left a real impression on the children. @cnmbdublin @tomasdaibhis @leitrimgaa leitrim abu https://t.co/7qfw3le208
retweeted,rt @anon some of you don’t follow @anon or @anon and i don’t know what to do about you.
retweeted,"rt @anon another plug for our pods on the #riseup4rojava with former fighter with the ypg, joshua molloy and iraqi born leitrim hurler, zak moradi.
https://t.co/pdmuljzm4i
https://t.co/rrs9kejyw5

https://t.co/m3kwbbcapk https://t.co/kcj4swqx3m"
retweeted,"rt @anon some of you haven’t listened to our podcasts with @anon and @anon yet. sort yourselves out, will ya! https://t.co/kbevypaitj"
retweeted,"rt @anon just spent an unreal hour in the company of iraqi born #kurdishirish man, zak moradi. #riseup4rojava and a lot more. 
https://t.co/t6qaopoybh
apple: https://t.co/rrs9kejyw5
spotify: https://t.co/h6vjflqdel https://t.co/plqdkutcnp"
retweeted,"rt @anon this is behind a subscription wall, but zak moradi, leitrim hurler, calls for ppl to get active opposing the turkish bombardment of kurdish-held northern syria. the silence from prominent ppl who present themselves as leftist and/or human rights defenders is deafening. https://t.co/pcnz7dxd5l"
retweeted,"rt @anon zak moradi, 28, who plays for the senior leitrim hurling team, told the times: “there’s 40 to 50 million kurds around the world and we’re absolutely devastated.
 https://t.co/gofxtcuui4"
retweeted,rt @anon great to attend the claddagh ns social inclusion talk with zak moradi with some of our bish hurlers. #eplusschools2019 https://t.co/p2rc35hjr9
retweeted,"rt @anon delighted to meet and hear the inspirational story of zak moradi, leitrim county hurler and his experience of inclusion in ireland at claddagh n.s. today as part of their erasmus inclusion project. comhghairdeas! https://t.co/0pamvr33na"
retweeted,"rt @anon thanks a million to @anon from claddagh national school galway for hosting @anon &amp; @anon at #eplusschools2019. inclusion is all about the commitment same as sports. 

#inclusion #erasmusplus #stormlorenzo https://t.co/anzyog1srz"
retweeted,"rt @anon our gaa manifesto brought to life by all the people who are the life and soul of our gaa. where we all belong.

#gaabelong https://t.co/0jfzb6znm4"
retweeted,rt @anon https://t.co/uubaxgeg8m
retweeted,"rt @anon ‘it’s what the gaa offers people, integration and inclusivity’ – derek mcgrath on the road less travelled by leitrim hurler and kurdish-iranian zak moradi https://t.co/k6qm182h8x"
retweeted,rt @anon delighted to have @anon @anon today to talk life in the middle east and ireland as well as making the choice between hurling and football @leitrimgaa @tomasdaibhis https://t.co/7qcsdumxbj
retweeted,rt @anon we're looking forward to hearing from @anon @anon @anon and @anon in our afternoon session https://t.co/ommhvgnk5u
retweeted,rt @anon i’m looking forward to being on the panel with @anon and @anon for the 2019 parnell summer school. thanks for inviting me to join the conversation. https://t.co/ou03rzqrfl
retweeted,rt @anon our monday afternoon panel then looks at irish society and the wider world in 2019 with dr @anon @anon @donnahsvuma chaired by @sineadocarroll https://t.co/nqtqdzwcvv
retweeted,rt @anon he may be iranian but @anon 's late father showed he was a real irish dad when someone tried to mess with his son on the pitch! #sixvmtv https://t.co/odb5b74v30
retweeted,rt @anon this is the first time i’ll be speaking at the parnell summer school. thanks for the invitation @anon i’m really looking forward to being on the panel with these amazing speakers @zakmoradigaa @donnahsvuma https://t.co/dohaf29ycs
retweeted,"rt @anon afternoon discussion on monday 12 august at the @anon - irish society and the wider world in 2019. delighted to welcome @zakmoradigaa, dr @ebunjoseph1 and @donnahsvuma https://t.co/9vmrdxjvgb https://t.co/olssdemzyd"
quoted,thanks for having me! @anon https://t.co/wvjkiqzbre
retweeted,"rt @anon would you give up your own stags with 39 of your mates to play a match? well, that's just what leitrim hurler @anongaa did! #sixvmtv https://t.co/xfomr5mofb"
retweeted,rt @anon hurling hero zak moradi is on the #sixsofa tonight. 🙌 zak will be chatting about his recent all- ireland win and coming to ireland from iraq as a refugee. https://t.co/lhks6mzope
retweeted,"rt @anon 🇮🇶 iraqi-born
🇮🇪 moved to ireland aged 11
🚫 spoke no english
❌ no knowledge of gaa
🏆 wins lory meagher cup

#tbt to the brilliant story of hurler zak moradi, who moved as part of the kurdish relocation programme and won the all-ireland title with @leitrimgaa 👏👏👏 https://t.co/mrqwmwuwwz"
retweeted,rt @anon lovely leitrim! lovely hurling! big congrats to zak moradi for scoring that ‘monster’ point in croker at the weekend! ⁦@leitrimgaa⁩ ⁦@declanmolloy93⁩ ⁦@officialgaa⁩ #leitrim #carrick #crokepark #hurling ⁦@lorymeaghercup⁩ ⁦#tallaght https://t.co/haipk56a2x
retweeted,rt @anon zak moradi relocated to carrick-on-shannon with his family from a refugee camp in iraq in 2002. on saturday he was part of @leitrimgaa team that tasted all ireland success. he joins me on @morningireland just after 0730 #rtesport https://t.co/khx4fq6c13
retweeted,rt @anon hail💀hail the man from  kurdistan. the gaa should be proud to have you 👏👏👏 https://t.co/rrbxsoujyv
